Customer_ID,Signup_Date,Total_Purchases,Avg_Order_Value,Lifetime_Value,Days_Since_Last_Purchase,Churned,Satisfaction_Score,Support_Tickets,Segment
CUST-1000,2023-04-12,21,348.42,7316.81,329,1,1,4,Medium Value
CUST-1001,2021-02-05,12,316.64,3799.68,92,0,2,9,High Value
CUST-1002,2020-11-18,23,282.36,6494.35,295,1,4,1,High Value
CUST-1003,2020-08-03,37,431.95,15982.08,268,1,5,4,Medium Value
CUST-1004,2021-05-25,25,430.46,10761.62,195,1,2,10,Low Value
CUST-1005,2020-07-18,40,188.38,7535.07,163,0,1,7,Low Value
CUST-1006,2023-06-19,14,61.31,858.29,170,0,4,7,Low Value
CUST-1007,2021-12-23,28,142.49,3989.69,152,0,5,0,High Value
CUST-1008,2023-10-12,28,68.19,1909.38,182,1,5,3,High Value
CUST-1009,2021-11-09,13,309.24,4020.18,309,1,1,3,Low Value
CUST-1010,2023-03-12,27,285.44,7706.8,81,0,1,5,Low Value
CUST-1011,2020-04-10,34,172.81,5875.47,239,1,2,1,Low Value
CUST-1012,2021-05-16,33,148.58,4903.28,21,0,4,8,Medium Value
CUST-1013,2023-08-25,9,385.55,3469.92,79,0,1,6,Medium Value
CUST-1014,2020-12-13,27,417.04,11260.05,71,0,4,8,Medium Value
CUST-1015,2020-06-17,31,365.01,11315.18,24,0,4,1,High Value
CUST-1016,2022-04-26,45,69.04,3106.66,99,0,2,10,High Value
CUST-1017,2020-04-29,27,208.7,5634.81,24,0,1,2,Medium Value
CUST-1018,2021-02-14,3,133.08,399.25,320,1,5,9,Medium Value
CUST-1019,2022-03-31,50,125.85,6292.53,250,1,5,3,High Value
CUST-1020,2020-03-05,27,340.06,9181.7,364,1,4,6,Low Value
CUST-1021,2020-10-07,19,435.2,8268.84,333,1,4,3,High Value
CUST-1022,2022-10-19,33,134.95,4453.19,104,0,2,4,High Value
CUST-1023,2022-08-17,37,73.92,2734.87,80,0,1,3,Medium Value
CUST-1024,2022-12-27,12,398.03,4776.38,3,0,4,6,Low Value
CUST-1025,2022-01-24,16,295.76,4732.2,325,1,3,6,Low Value
CUST-1026,2020-06-13,37,107.54,3978.9,201,1,3,7,High Value
CUST-1027,2022-08-29,1,422.23,422.23,27,0,5,6,Medium Value
CUST-1028,2023-02-28,39,489.01,19071.46,358,1,3,6,Low Value
CUST-1029,2022-07-15,26,248.76,6467.76,199,1,1,8,High Value
CUST-1030,2021-09-06,4,144.4,577.59,52,0,2,4,Low Value
CUST-1031,2021-02-24,41,342.35,14036.26,162,0,5,6,High Value
CUST-1032,2022-03-07,31,309.18,9584.73,269,1,2,7,Medium Value
CUST-1033,2020-12-20,16,60.32,965.16,96,0,3,1,Low Value
CUST-1034,2021-12-16,9,316.83,2851.51,33,0,5,6,High Value
CUST-1035,2022-03-05,46,89.26,4105.74,157,0,1,7,High Value
CUST-1036,2020-03-07,38,327.45,12443.02,206,1,2,9,High Value
CUST-1037,2020-01-25,25,290.68,7267.11,81,0,2,4,High Value
CUST-1038,2020-12-10,12,323.1,3877.16,304,1,4,7,High Value
CUST-1039,2021-05-08,25,309.49,7737.35,79,0,3,1,Medium Value
CUST-1040,2022-01-21,19,367.36,6979.83,71,0,2,2,Medium Value
CUST-1041,2023-09-28,20,244.81,4896.3,219,1,2,10,High Value
CUST-1042,2022-02-18,20,252.02,5040.48,1,0,5,2,High Value
CUST-1043,2020-04-28,48,204.59,9820.17,177,0,4,0,Low Value
CUST-1044,2021-10-22,32,351.14,11236.51,343,1,2,0,Low Value
CUST-1045,2021-06-13,27,190.92,5154.8,224,1,5,10,Medium Value
CUST-1046,2023-08-17,30,353.31,10599.32,254,1,2,2,Low Value
CUST-1047,2020-06-23,17,234.49,3986.31,170,0,2,3,Medium Value
CUST-1048,2021-06-27,40,119.81,4792.53,249,1,3,8,High Value
CUST-1049,2023-05-31,34,490.55,16678.76,220,1,3,4,Low Value
CUST-1050,2020-10-20,3,227.91,683.74,104,0,5,5,Low Value
CUST-1051,2021-02-21,6,335.04,2010.23,310,1,3,9,High Value
CUST-1052,2023-03-11,24,263.93,6334.41,91,0,1,4,High Value
CUST-1053,2021-10-08,11,449.67,4946.34,362,1,1,2,Medium Value
CUST-1054,2022-05-18,46,186.15,8562.73,262,1,2,2,High Value
CUST-1055,2023-04-23,33,397.59,13120.47,152,0,1,7,Low Value
CUST-1056,2020-06-29,1,231.11,231.11,199,1,3,10,Low Value
CUST-1057,2021-03-09,39,177.64,6928.11,295,1,2,10,High Value
CUST-1058,2020-02-25,48,429.27,20604.83,110,0,1,5,Medium Value
CUST-1059,2021-03-10,38,150.83,5731.43,13,0,4,4,Medium Value
CUST-1060,2021-08-15,16,456.71,7307.37,186,1,1,0,High Value
CUST-1061,2023-06-26,1,142.83,142.83,119,0,4,1,High Value
CUST-1062,2020-08-25,2,112.01,224.01,69,0,4,7,High Value
CUST-1063,2021-11-27,49,496.2,24313.56,226,1,4,10,Low Value
CUST-1064,2022-09-14,14,130.77,1830.72,272,1,5,4,Low Value
CUST-1065,2020-12-26,36,53.0,1907.86,329,1,1,4,High Value
CUST-1066,2021-05-16,4,320.55,1282.19,359,1,5,0,Medium Value
CUST-1067,2022-04-01,3,191.74,575.23,227,1,3,1,Low Value
CUST-1068,2021-07-23,7,200.26,1401.79,40,0,4,3,Low Value
CUST-1069,2023-10-21,36,409.49,14741.71,15,0,1,5,Medium Value
CUST-1070,2020-05-14,26,279.76,7273.66,313,1,2,4,Medium Value
CUST-1071,2022-08-06,37,316.89,11725.11,105,0,2,8,Medium Value
CUST-1072,2021-07-01,36,486.95,17530.2,77,0,3,3,High Value
CUST-1073,2021-01-25,20,467.02,9340.42,9,0,5,2,Medium Value
CUST-1074,2021-01-26,13,351.37,4567.77,349,1,3,2,High Value
CUST-1075,2021-07-28,4,196.14,784.57,5,0,4,1,High Value
CUST-1076,2022-07-02,31,393.45,12197.04,67,0,1,8,Medium Value
CUST-1077,2020-03-28,24,206.97,4967.19,98,0,2,9,Low Value
CUST-1078,2023-09-02,9,286.9,2582.14,17,0,4,0,Medium Value
CUST-1079,2021-08-14,40,412.39,16495.52,156,0,1,7,High Value
CUST-1080,2022-11-13,9,304.51,2740.57,94,0,4,10,High Value
CUST-1081,2021-11-19,50,136.42,6821.13,59,0,4,7,Low Value
CUST-1082,2021-08-11,9,360.84,3247.54,85,0,4,4,Medium Value
CUST-1083,2023-05-25,4,452.63,1810.53,137,0,3,0,Low Value
CUST-1084,2021-12-03,21,449.3,9435.27,89,0,4,1,Low Value
CUST-1085,2021-02-10,42,219.93,9237.23,303,1,5,9,Medium Value
CUST-1086,2020-05-16,17,496.75,8444.79,232,1,5,8,Medium Value
CUST-1087,2022-10-10,21,251.5,5281.6,271,1,1,4,Medium Value
CUST-1088,2023-06-01,32,345.97,11071.04,292,1,4,4,Low Value
CUST-1089,2023-07-09,31,374.46,11608.2,64,0,1,6,Medium Value
CUST-1090,2021-10-19,25,490.89,12272.3,28,0,2,7,High Value
CUST-1091,2022-07-05,40,441.46,17658.25,258,1,2,10,Medium Value
CUST-1092,2021-04-15,33,371.12,12247.09,9,0,4,9,Medium Value
CUST-1093,2023-08-30,14,476.57,6672.03,306,1,5,10,High Value
CUST-1094,2020-12-05,12,328.91,3946.89,246,1,3,0,Low Value
CUST-1095,2021-11-05,48,270.52,12985.11,171,0,5,2,High Value
CUST-1096,2021-06-22,9,463.68,4173.15,52,0,2,6,High Value
CUST-1097,2022-06-30,1,466.5,466.5,263,1,1,6,Medium Value
CUST-1098,2022-06-08,23,273.87,6298.99,163,0,3,4,Low Value
CUST-1099,2021-12-06,44,397.85,17505.51,146,0,4,1,Medium Value
CUST-1100,2021-05-26,21,433.34,9100.1,124,0,5,0,Medium Value
CUST-1101,2021-01-24,22,412.71,9079.54,148,0,2,10,Medium Value
CUST-1102,2020-05-25,1,315.86,315.86,157,0,4,8,Low Value
CUST-1103,2022-05-28,38,118.04,4485.38,105,0,5,10,Medium Value
CUST-1104,2022-10-09,27,121.15,3270.94,228,1,3,4,High Value
CUST-1105,2021-01-03,21,153.89,3231.63,284,1,1,5,Low Value
CUST-1106,2020-11-01,28,362.04,10137.17,235,1,5,0,Low Value
CUST-1107,2023-04-19,29,340.42,9872.18,287,1,1,10,High Value
CUST-1108,2023-11-30,36,160.46,5776.62,148,0,2,0,Low Value
CUST-1109,2021-03-07,17,209.42,3560.14,204,1,1,2,High Value
CUST-1110,2021-01-30,28,237.33,6645.15,330,1,4,8,Medium Value
CUST-1111,2022-10-11,49,303.34,14863.66,287,1,2,5,Low Value
CUST-1112,2023-04-21,36,350.53,12618.98,33,0,4,5,Medium Value
CUST-1113,2023-06-18,1,194.0,194.0,191,1,4,2,High Value
CUST-1114,2022-01-02,1,447.22,447.22,286,1,2,9,Low Value
CUST-1115,2022-12-22,29,305.87,8870.12,91,0,5,2,Low Value
CUST-1116,2021-03-19,46,436.19,20064.88,142,0,1,6,Low Value
CUST-1117,2022-06-24,43,188.97,8125.79,175,0,4,4,High Value
CUST-1118,2022-08-15,43,115.68,4974.2,103,0,3,10,Low Value
CUST-1119,2023-04-22,47,469.22,22053.11,138,0,5,1,Medium Value
CUST-1120,2020-01-30,16,209.14,3346.32,93,0,4,5,Medium Value
CUST-1121,2021-05-20,3,66.92,200.75,251,1,2,5,High Value
CUST-1122,2021-12-30,38,433.42,16470.1,124,0,1,6,High Value
CUST-1123,2022-06-03,31,71.59,2219.29,125,0,2,4,High Value
CUST-1124,2020-01-31,36,218.9,7880.54,20,0,3,0,Medium Value
CUST-1125,2023-03-13,9,248.9,2240.11,353,1,2,2,High Value
CUST-1126,2020-12-14,2,69.21,138.41,235,1,4,10,Medium Value
CUST-1127,2022-03-25,37,435.56,16115.68,348,1,4,10,High Value
CUST-1128,2020-01-23,35,435.31,15235.74,158,0,2,5,Low Value
CUST-1129,2020-08-23,16,231.72,3707.53,329,1,5,8,High Value
CUST-1130,2021-07-05,48,152.49,7319.29,351,1,5,2,High Value
CUST-1131,2020-07-24,35,449.88,15745.89,162,0,4,7,High Value
CUST-1132,2020-12-23,10,212.0,2119.96,177,0,4,9,Medium Value
CUST-1133,2022-09-20,40,168.24,6729.56,339,1,3,8,Medium Value
CUST-1134,2020-12-21,1,66.48,66.48,340,1,3,10,High Value
CUST-1135,2022-03-29,48,101.98,4895.25,15,0,4,8,High Value
CUST-1136,2022-09-08,24,445.63,10695.03,210,1,3,3,Low Value
CUST-1137,2020-04-26,21,271.79,5707.65,64,0,1,3,Medium Value
CUST-1138,2021-04-17,17,338.08,5747.29,209,1,5,5,Low Value
CUST-1139,2021-03-18,4,407.03,1628.11,285,1,5,3,High Value
CUST-1140,2020-12-31,34,250.21,8507.01,347,1,5,6,Low Value
CUST-1141,2023-08-17,27,128.25,3462.78,120,0,2,3,High Value
CUST-1142,2022-01-09,2,361.83,723.67,24,0,3,9,Medium Value
CUST-1143,2021-10-25,35,381.86,13364.94,14,0,5,3,Medium Value
CUST-1144,2020-09-16,29,342.39,9929.24,197,1,1,6,Low Value
CUST-1145,2022-10-29,35,387.02,13545.86,66,0,1,6,Low Value
CUST-1146,2023-04-17,15,368.71,5530.58,102,0,5,8,High Value
CUST-1147,2022-01-17,40,443.07,17722.78,201,1,2,0,High Value
CUST-1148,2020-01-19,11,476.85,5245.31,186,1,5,7,Medium Value
CUST-1149,2020-02-14,1,362.09,362.09,84,0,4,8,Medium Value
CUST-1150,2021-07-13,11,268.42,2952.62,297,1,3,8,High Value
CUST-1151,2021-10-25,33,478.38,15786.66,227,1,1,1,Low Value
CUST-1152,2023-06-13,30,74.8,2244.12,250,1,3,1,High Value
CUST-1153,2020-03-26,21,165.6,3477.7,191,1,1,7,Low Value
CUST-1154,2023-11-21,14,169.84,2377.7,255,1,1,0,Low Value
CUST-1155,2021-11-15,3,291.69,875.07,201,1,4,0,Medium Value
CUST-1156,2022-09-23,44,128.73,5663.97,253,1,5,6,Medium Value
CUST-1157,2022-02-06,8,352.33,2818.65,304,1,1,2,High Value
CUST-1158,2020-05-13,19,88.32,1678.17,92,0,3,8,Medium Value
CUST-1159,2022-05-01,28,312.69,8755.31,213,1,1,0,Medium Value
CUST-1160,2022-04-28,2,291.25,582.51,34,0,4,0,Medium Value
CUST-1161,2021-09-05,29,458.79,13305.01,129,0,2,8,High Value
CUST-1162,2023-09-25,3,294.63,883.9,46,0,2,6,High Value
CUST-1163,2023-06-26,16,277.08,4433.25,56,0,1,1,Low Value
CUST-1164,2020-06-06,46,367.08,16885.71,281,1,4,4,High Value
CUST-1165,2021-06-24,12,209.23,2510.77,329,1,3,9,Medium Value
CUST-1166,2023-08-11,35,59.75,2091.21,354,1,5,6,Low Value
CUST-1167,2020-12-27,36,245.45,8836.11,132,0,5,8,Medium Value
CUST-1168,2023-05-13,13,370.56,4817.22,139,0,2,10,High Value
CUST-1169,2021-12-10,39,331.78,12939.51,109,0,4,9,Medium Value
CUST-1170,2022-07-03,6,236.07,1416.42,89,0,4,6,Low Value
CUST-1171,2022-06-17,19,267.95,5091.02,341,1,4,3,Low Value
CUST-1172,2020-09-13,27,360.72,9739.34,113,0,4,1,Medium Value
CUST-1173,2020-08-17,3,462.9,1388.69,296,1,1,2,High Value
CUST-1174,2020-12-25,38,88.59,3366.37,244,1,5,0,High Value
CUST-1175,2021-07-26,36,367.52,13230.65,324,1,5,3,Low Value
CUST-1176,2020-12-22,27,116.66,3149.78,228,1,3,1,Low Value
CUST-1177,2021-04-16,7,356.38,2494.64,139,0,5,7,High Value
CUST-1178,2023-11-21,16,384.61,6153.82,237,1,4,1,High Value
CUST-1179,2022-07-10,9,297.92,2681.24,153,0,1,9,Low Value
CUST-1180,2023-01-28,18,123.71,2226.72,293,1,1,9,Low Value
CUST-1181,2021-09-22,38,230.5,8759.07,234,1,5,0,High Value
CUST-1182,2023-01-22,3,209.08,627.24,137,0,4,6,Low Value
CUST-1183,2023-04-04,21,475.58,9987.13,284,1,2,0,Low Value
CUST-1184,2020-02-19,24,358.47,8603.34,119,0,1,9,High Value
CUST-1185,2023-11-15,13,479.82,6237.66,143,0,2,6,High Value
CUST-1186,2021-12-29,33,153.82,5076.11,25,0,4,0,High Value
CUST-1187,2022-07-05,20,213.82,4276.46,146,0,4,1,High Value
CUST-1188,2021-06-04,43,167.08,7184.35,96,0,4,0,High Value
CUST-1189,2022-07-03,18,318.82,5738.83,293,1,1,6,Medium Value
CUST-1190,2021-11-08,46,70.1,3224.54,251,1,5,3,High Value
CUST-1191,2023-02-18,34,411.19,13980.55,88,0,4,7,Medium Value
CUST-1192,2022-03-25,42,192.04,8065.48,232,1,1,10,Low Value
CUST-1193,2022-06-27,6,187.18,1123.07,225,1,4,8,Medium Value
CUST-1194,2021-12-08,38,267.49,10164.48,355,1,5,7,Medium Value
CUST-1195,2020-11-26,23,367.52,8453.0,134,0,3,5,High Value
CUST-1196,2023-01-27,13,77.62,1009.08,208,1,4,9,Low Value
CUST-1197,2022-11-13,40,386.11,15444.47,161,0,3,5,Low Value
CUST-1198,2020-08-25,9,236.38,2127.39,261,1,1,4,Medium Value
CUST-1199,2020-10-28,25,355.52,8887.94,123,0,3,9,Medium Value
CUST-1200,2023-05-23,1,112.72,112.72,192,1,4,2,Low Value
CUST-1201,2023-11-24,49,188.77,9249.87,322,1,2,2,Low Value
CUST-1202,2020-08-17,6,229.03,1374.18,14,0,4,7,Low Value
CUST-1203,2020-06-03,4,210.15,840.59,350,1,3,8,Medium Value
CUST-1204,2021-09-05,44,73.01,3212.27,119,0,3,10,Low Value
CUST-1205,2020-11-24,12,127.31,1527.66,243,1,1,10,High Value
CUST-1206,2022-08-16,16,63.66,1018.56,18,0,3,7,Medium Value
CUST-1207,2020-07-01,8,416.95,3335.6,271,1,3,9,Low Value
CUST-1208,2020-02-01,39,323.08,12600.27,148,0,2,8,Low Value
CUST-1209,2023-04-10,26,76.93,2000.08,80,0,5,6,High Value
CUST-1210,2020-03-29,40,370.03,14801.04,255,1,4,2,High Value
CUST-1211,2022-04-20,30,368.84,11065.23,363,1,5,2,Low Value
CUST-1212,2022-09-13,20,176.27,3525.36,321,1,5,10,Medium Value
CUST-1213,2020-01-28,3,350.42,1051.25,258,1,1,6,Low Value
CUST-1214,2020-07-05,25,55.4,1385.07,332,1,3,2,High Value
CUST-1215,2020-11-17,27,451.13,12180.43,56,0,4,0,High Value
CUST-1216,2023-08-19,29,57.26,1660.55,281,1,5,3,High Value
CUST-1217,2022-07-18,20,366.64,7332.73,204,1,4,10,Medium Value
CUST-1218,2022-10-04,47,167.28,7862.29,292,1,1,8,High Value
CUST-1219,2020-05-12,14,193.5,2708.98,170,0,2,2,Low Value
CUST-1220,2023-02-13,40,117.35,4694.12,85,0,1,7,Medium Value
CUST-1221,2020-11-07,9,197.7,1779.31,214,1,5,9,High Value
CUST-1222,2020-09-24,48,443.24,21275.67,91,0,4,5,High Value
CUST-1223,2022-04-12,20,341.78,6835.68,145,0,3,3,High Value
CUST-1224,2022-11-24,14,410.66,5749.28,107,0,5,8,Medium Value
CUST-1225,2023-12-10,1,107.6,107.6,95,0,5,9,Low Value
CUST-1226,2020-11-28,48,50.04,2401.82,317,1,3,4,Medium Value
CUST-1227,2021-06-21,24,316.93,7606.22,193,1,1,6,High Value
CUST-1228,2020-12-02,14,230.67,3229.36,187,1,3,9,Low Value
CUST-1229,2023-07-25,9,167.31,1505.82,70,0,3,3,Medium Value
CUST-1230,2022-05-22,43,340.62,14646.45,328,1,2,8,Low Value
CUST-1231,2022-08-26,47,305.55,14361.05,271,1,4,4,Medium Value
CUST-1232,2023-11-27,35,104.13,3644.7,282,1,1,10,Low Value
CUST-1233,2023-07-03,33,93.6,3088.68,226,1,1,3,Medium Value
CUST-1234,2021-03-06,17,417.21,7092.64,292,1,5,1,High Value
CUST-1235,2022-06-21,15,274.05,4110.78,106,0,2,9,Medium Value
CUST-1236,2023-10-27,36,158.09,5691.34,312,1,3,2,High Value
CUST-1237,2023-05-04,21,397.13,8339.68,186,1,4,5,Medium Value
CUST-1238,2023-05-02,23,324.57,7465.04,353,1,5,2,Medium Value
CUST-1239,2021-06-08,5,64.87,324.37,359,1,2,0,Medium Value
CUST-1240,2020-10-17,46,490.74,22574.15,273,1,5,10,Medium Value
CUST-1241,2023-10-02,35,170.99,5984.82,150,0,5,1,High Value
CUST-1242,2023-05-31,18,285.63,5141.4,270,1,2,0,Low Value
CUST-1243,2023-11-09,22,491.34,10809.57,198,1,1,8,Medium Value
CUST-1244,2020-05-25,6,230.46,1382.77,36,0,2,0,High Value
CUST-1245,2022-03-11,18,400.53,7209.63,340,1,5,0,Medium Value
CUST-1246,2023-03-28,14,123.75,1732.43,363,1,2,7,Medium Value
CUST-1247,2021-02-04,25,314.77,7869.14,168,0,2,0,Medium Value
CUST-1248,2023-02-13,23,283.09,6511.05,27,0,4,7,Medium Value
CUST-1249,2022-08-26,37,395.96,14650.69,42,0,2,1,Medium Value
CUST-1250,2021-08-21,10,265.81,2658.09,31,0,2,3,Medium Value
CUST-1251,2021-06-25,8,359.79,2878.29,279,1,4,8,Medium Value
CUST-1252,2020-09-18,44,482.91,21247.92,330,1,1,0,Medium Value
CUST-1253,2023-05-11,18,270.29,4865.17,352,1,4,10,High Value
CUST-1254,2021-11-13,2,61.35,122.7,76,0,4,7,Low Value
CUST-1255,2022-07-20,15,61.33,919.92,259,1,2,8,Medium Value
CUST-1256,2021-05-28,4,173.99,695.97,227,1,5,6,High Value
CUST-1257,2023-12-04,18,369.49,6650.86,262,1,1,10,High Value
CUST-1258,2023-04-21,10,180.28,1802.79,296,1,5,7,High Value
CUST-1259,2020-06-30,5,479.41,2397.07,347,1,5,1,Low Value
CUST-1260,2020-10-20,47,379.7,17845.79,197,1,3,3,High Value
CUST-1261,2023-04-26,27,56.54,1526.54,121,0,3,1,Low Value
CUST-1262,2023-11-13,28,336.1,9410.91,308,1,1,3,Medium Value
CUST-1263,2023-05-30,42,203.57,8549.97,350,1,1,2,Low Value
CUST-1264,2023-09-18,49,374.29,18340.05,358,1,2,1,Medium Value
CUST-1265,2022-02-23,22,466.13,10254.93,1,0,1,10,High Value
CUST-1266,2021-06-09,28,372.92,10441.89,286,1,3,9,High Value
CUST-1267,2021-01-16,50,498.53,24926.67,332,1,3,6,Low Value
CUST-1268,2023-04-30,7,219.96,1539.74,68,0,5,8,Low Value
CUST-1269,2023-03-24,32,164.49,5263.62,184,1,5,7,Medium Value
CUST-1270,2021-03-09,13,61.48,799.2,164,0,5,0,High Value
CUST-1271,2020-10-25,24,335.52,8052.57,25,0,3,2,High Value
CUST-1272,2022-04-28,3,155.58,466.73,316,1,1,10,Low Value
CUST-1273,2022-09-22,35,326.05,11411.82,326,1,4,9,High Value
CUST-1274,2021-03-25,31,435.05,13486.57,363,1,5,4,Medium Value
CUST-1275,2023-05-18,12,327.41,3928.91,67,0,3,4,Medium Value
CUST-1276,2021-02-02,18,401.69,7230.36,94,0,4,9,Low Value
CUST-1277,2021-12-18,14,168.37,2357.14,130,0,2,6,Medium Value
CUST-1278,2023-09-06,29,142.05,4119.51,284,1,3,2,Medium Value
CUST-1279,2020-06-07,48,499.46,23973.98,163,0,1,10,Medium Value
CUST-1280,2020-11-14,35,455.04,15926.46,220,1,2,3,Low Value
CUST-1281,2020-04-13,36,243.34,8760.1,218,1,4,7,High Value
CUST-1282,2022-07-01,23,403.18,9273.16,209,1,1,9,Medium Value
CUST-1283,2022-12-23,19,192.17,3651.3,120,0,1,9,High Value
CUST-1284,2023-07-18,46,255.85,11768.9,140,0,5,0,Low Value
CUST-1285,2021-02-17,15,495.74,7436.16,40,0,5,0,Medium Value
CUST-1286,2023-08-18,50,494.36,24717.84,201,1,5,4,Low Value
CUST-1287,2022-04-22,23,487.78,11218.98,90,0,1,6,Low Value
CUST-1288,2020-03-28,11,183.07,2013.76,314,1,3,1,Medium Value
CUST-1289,2020-12-29,48,87.01,4176.7,167,0,3,10,Low Value
CUST-1290,2023-03-12,23,353.99,8141.8,246,1,5,2,Low Value
CUST-1291,2022-03-02,29,344.45,9989.01,171,0,3,9,High Value
CUST-1292,2022-09-21,50,373.33,18666.25,55,0,2,9,Medium Value
CUST-1293,2021-10-05,43,157.83,6786.81,344,1,5,1,Medium Value
CUST-1294,2021-04-19,26,495.9,12893.36,128,0,1,6,High Value
CUST-1295,2023-06-27,47,409.8,19260.81,317,1,1,9,High Value
CUST-1296,2021-03-15,17,339.4,5769.83,356,1,5,1,Medium Value
CUST-1297,2021-11-27,14,71.34,998.78,247,1,2,6,Low Value
CUST-1298,2023-06-24,24,399.04,9576.96,96,0,1,10,Low Value
CUST-1299,2022-05-19,18,340.26,6124.73,315,1,2,8,Low Value
CUST-1300,2020-03-09,8,71.09,568.76,33,0,3,6,Medium Value
CUST-1301,2023-08-27,34,320.85,10909.0,164,0,2,2,Low Value
CUST-1302,2023-10-28,34,373.13,12686.55,262,1,5,3,Medium Value
CUST-1303,2021-01-16,20,53.24,1064.72,315,1,2,8,Medium Value
CUST-1304,2021-08-03,46,470.54,21645.05,192,1,4,10,High Value
CUST-1305,2020-03-17,13,154.85,2013.0,335,1,2,3,High Value
CUST-1306,2022-03-21,49,188.1,9217.03,258,1,2,7,Medium Value
CUST-1307,2022-05-25,13,95.89,1246.55,35,0,5,10,Medium Value
CUST-1308,2023-12-09,41,351.13,14396.47,279,1,2,9,Low Value
CUST-1309,2023-10-16,43,265.31,11408.17,215,1,2,6,Medium Value
CUST-1310,2022-08-06,21,258.67,5432.0,247,1,2,2,Medium Value
CUST-1311,2022-06-10,45,453.33,20400.03,73,0,3,7,Low Value
CUST-1312,2022-03-09,9,59.11,532.0,324,1,5,7,Low Value
CUST-1313,2022-06-26,5,217.4,1087.02,40,0,2,8,High Value
CUST-1314,2022-05-15,5,217.72,1088.6,174,0,4,6,Medium Value
CUST-1315,2020-06-08,19,422.89,8034.87,355,1,1,3,High Value
CUST-1316,2022-11-19,49,341.51,16733.91,292,1,2,9,High Value
CUST-1317,2021-05-12,24,133.73,3209.54,246,1,3,3,Medium Value
CUST-1318,2020-07-25,40,251.7,10067.93,241,1,1,4,Low Value
CUST-1319,2021-03-15,5,262.32,1311.58,132,0,3,9,Medium Value
CUST-1320,2020-11-24,15,263.77,3956.57,150,0,3,3,Medium Value
CUST-1321,2020-04-03,40,165.31,6612.56,36,0,3,1,High Value
CUST-1322,2021-06-28,47,185.37,8712.52,153,0,1,6,Medium Value
CUST-1323,2021-03-27,49,405.6,19874.39,50,0,1,5,Low Value
CUST-1324,2021-12-23,16,382.18,6114.86,0,0,5,0,Low Value
CUST-1325,2023-10-04,45,306.44,13789.75,214,1,5,9,Medium Value
CUST-1326,2022-05-17,22,296.49,6522.85,339,1,3,1,Medium Value
CUST-1327,2021-10-04,31,258.46,8012.35,331,1,2,5,Low Value
CUST-1328,2023-03-13,32,199.92,6397.45,74,0,3,8,High Value
CUST-1329,2020-03-07,18,377.87,6801.6,65,0,4,1,Low Value
CUST-1330,2021-10-20,40,134.53,5381.21,259,1,4,3,Medium Value
CUST-1331,2020-08-13,26,323.67,8415.43,15,0,3,2,Low Value
CUST-1332,2022-11-07,35,177.52,6213.13,363,1,3,0,Medium Value
CUST-1333,2023-12-12,35,75.86,2655.06,6,0,2,5,Low Value
CUST-1334,2020-11-18,8,70.67,565.38,102,0,1,2,High Value
CUST-1335,2021-02-01,12,330.68,3968.17,113,0,2,7,High Value
CUST-1336,2023-11-26,25,373.81,9345.15,335,1,4,8,Low Value
CUST-1337,2022-08-03,35,481.92,16867.23,183,1,5,2,Low Value
CUST-1338,2020-02-26,7,455.67,3189.69,113,0,2,9,High Value
CUST-1339,2023-10-12,22,151.28,3328.17,275,1,1,9,Low Value
CUST-1340,2022-01-14,2,100.12,200.25,6,0,3,7,Low Value
CUST-1341,2020-06-12,31,262.78,8146.16,136,0,4,5,Medium Value
CUST-1342,2023-12-04,8,252.79,2022.34,213,1,1,6,Medium Value
CUST-1343,2021-04-28,39,70.63,2754.44,10,0,2,8,High Value
CUST-1344,2023-10-07,22,259.8,5715.51,197,1,1,3,Medium Value
CUST-1345,2023-11-26,17,99.13,1685.25,170,0,3,0,High Value
CUST-1346,2023-05-19,43,96.01,4128.25,75,0,2,6,Medium Value
CUST-1347,2022-11-23,33,414.33,13672.77,317,1,1,10,Low Value
CUST-1348,2021-02-08,13,281.93,3665.03,47,0,1,8,Medium Value
CUST-1349,2020-04-17,26,178.81,4648.93,214,1,5,2,Medium Value
CUST-1350,2020-12-20,17,459.8,7816.62,145,0,1,9,High Value
CUST-1351,2020-08-20,17,149.32,2538.42,364,1,5,2,High Value
CUST-1352,2021-04-22,15,341.36,5120.37,10,0,4,7,High Value
CUST-1353,2021-05-19,34,363.32,12352.71,5,0,1,3,Medium Value
CUST-1354,2021-08-01,49,237.37,11631.0,277,1,3,7,Low Value
CUST-1355,2023-11-14,8,92.0,736.01,169,0,1,9,High Value
CUST-1356,2020-06-24,32,222.53,7121.04,346,1,5,5,Low Value
CUST-1357,2022-09-04,49,472.33,23144.15,8,0,4,7,Low Value
CUST-1358,2020-04-21,41,154.52,6335.31,208,1,2,1,Medium Value
CUST-1359,2020-09-23,50,354.53,17726.52,291,1,4,8,Low Value
CUST-1360,2020-01-09,48,490.34,23536.39,331,1,3,4,Medium Value
CUST-1361,2022-04-30,19,485.98,9233.56,322,1,1,2,Low Value
CUST-1362,2023-01-23,25,168.85,4221.25,215,1,2,9,High Value
CUST-1363,2023-12-06,33,361.74,11937.46,252,1,2,7,High Value
CUST-1364,2023-02-15,6,368.48,2210.89,309,1,2,10,Low Value
CUST-1365,2020-07-25,23,244.17,5615.98,171,0,5,4,High Value
CUST-1366,2020-04-29,24,381.45,9154.81,176,0,5,7,High Value
CUST-1367,2023-10-12,17,172.98,2940.68,195,1,4,4,Medium Value
CUST-1368,2023-11-26,28,165.26,4627.35,262,1,2,9,Low Value
CUST-1369,2023-10-15,1,441.98,441.98,5,0,2,3,Low Value
CUST-1370,2021-04-10,28,66.72,1868.26,184,1,2,2,Medium Value
CUST-1371,2021-03-04,20,199.37,3987.5,111,0,4,4,Medium Value
CUST-1372,2022-02-24,20,116.59,2331.76,87,0,1,9,Medium Value
CUST-1373,2021-07-05,29,72.32,2097.17,298,1,3,5,Medium Value
CUST-1374,2022-08-06,4,249.69,998.76,342,1,5,2,Low Value
CUST-1375,2023-12-28,3,468.51,1405.52,174,0,3,7,Low Value
CUST-1376,2020-05-24,1,415.21,415.21,314,1,1,0,Low Value
CUST-1377,2020-06-14,21,248.5,5218.4,289,1,2,9,High Value
CUST-1378,2020-12-03,48,126.04,6049.95,299,1,3,5,Medium Value
CUST-1379,2022-07-29,46,156.56,7201.85,208,1,4,7,Medium Value
CUST-1380,2021-08-24,14,212.36,2973.07,320,1,3,3,Medium Value
CUST-1381,2021-07-23,23,245.36,5643.28,96,0,1,9,Low Value
CUST-1382,2020-08-05,50,398.79,19939.71,86,0,1,9,Medium Value
CUST-1383,2022-11-22,41,311.95,12789.77,322,1,4,4,Medium Value
CUST-1384,2021-05-05,1,473.28,473.28,301,1,3,6,Low Value
CUST-1385,2022-03-31,31,312.01,9672.24,267,1,3,6,Low Value
CUST-1386,2020-11-08,23,354.18,8146.06,341,1,1,0,High Value
CUST-1387,2020-09-13,1,391.03,391.03,335,1,2,4,High Value
CUST-1388,2022-02-16,12,330.69,3968.25,192,1,1,8,Medium Value
CUST-1389,2023-07-13,28,122.2,3421.53,306,1,2,8,Medium Value
CUST-1390,2020-08-27,10,191.57,1915.65,162,0,1,3,Medium Value
CUST-1391,2022-01-05,39,60.59,2363.13,353,1,1,7,High Value
CUST-1392,2020-01-05,13,148.35,1928.54,195,1,2,3,Medium Value
CUST-1393,2020-07-23,35,63.16,2210.72,273,1,4,4,Medium Value
CUST-1394,2020-09-08,6,488.71,2932.26,345,1,1,10,Low Value
CUST-1395,2023-06-17,17,262.52,4462.92,35,0,5,5,High Value
CUST-1396,2020-10-19,28,128.49,3597.83,13,0,3,2,Medium Value
CUST-1397,2020-10-29,20,324.11,6482.25,355,1,2,7,High Value
CUST-1398,2020-08-22,22,157.26,3459.74,77,0,2,5,Medium Value
CUST-1399,2021-04-01,34,482.33,16399.06,209,1,4,10,Medium Value
CUST-1400,2021-10-19,4,247.16,988.63,362,1,3,0,High Value
CUST-1401,2020-06-10,40,392.56,15702.5,82,0,5,10,Medium Value
CUST-1402,2023-10-21,47,304.26,14300.3,25,0,2,1,High Value
CUST-1403,2023-08-02,7,77.89,545.21,301,1,2,1,Medium Value
CUST-1404,2022-06-17,32,391.04,12513.33,308,1,4,9,High Value
CUST-1405,2022-04-11,1,275.42,275.42,62,0,1,9,High Value
CUST-1406,2022-06-21,50,287.63,14381.38,111,0,3,8,Medium Value
CUST-1407,2020-05-04,26,296.02,7696.58,284,1,5,9,Low Value
CUST-1408,2020-07-16,48,202.0,9696.23,296,1,1,3,High Value
CUST-1409,2021-12-01,24,349.65,8391.6,135,0,5,7,High Value
CUST-1410,2023-08-01,33,448.76,14809.19,145,0,2,10,Low Value
CUST-1411,2022-02-03,18,475.09,8551.54,194,1,5,0,Low Value
CUST-1412,2023-08-16,45,173.01,7785.57,259,1,5,9,High Value
CUST-1413,2022-08-14,12,488.71,5864.49,12,0,1,2,Low Value
CUST-1414,2022-12-03,34,452.15,15373.12,147,0,2,9,Low Value
CUST-1415,2020-06-30,46,247.85,11401.02,20,0,2,3,Low Value
CUST-1416,2023-08-10,45,122.17,5497.47,343,1,3,2,Low Value
CUST-1417,2023-08-27,24,225.34,5408.17,304,1,3,4,High Value
CUST-1418,2020-05-10,4,120.73,482.93,157,0,1,5,Medium Value
CUST-1419,2022-07-13,22,56.14,1235.11,85,0,3,2,Low Value
CUST-1420,2022-09-10,24,252.15,6051.48,291,1,1,9,Low Value
CUST-1421,2022-09-27,24,313.49,7523.67,342,1,4,7,High Value
CUST-1422,2023-08-13,35,461.81,16163.24,196,1,4,2,Medium Value
CUST-1423,2021-11-08,23,69.69,1602.85,321,1,3,8,High Value
CUST-1424,2021-04-22,27,481.6,13003.07,163,0,2,6,Medium Value
CUST-1425,2021-06-13,2,226.39,452.77,168,0,1,2,Medium Value
CUST-1426,2020-12-28,49,166.38,8152.4,236,1,2,4,Low Value
CUST-1427,2020-03-24,29,332.61,9645.66,41,0,5,10,High Value
CUST-1428,2023-08-13,34,63.69,2165.37,322,1,3,10,Medium Value
CUST-1429,2023-12-22,25,218.43,5460.74,159,0,1,8,Low Value
CUST-1430,2023-08-18,39,399.11,15565.44,77,0,3,3,High Value
CUST-1431,2023-12-04,2,493.2,986.41,220,1,5,7,High Value
CUST-1432,2022-02-16,4,166.34,665.36,145,0,4,6,High Value
CUST-1433,2021-05-02,12,344.47,4133.67,290,1,4,0,Medium Value
CUST-1434,2021-10-06,7,125.33,877.29,340,1,2,9,Medium Value
CUST-1435,2023-08-04,37,181.23,6705.52,8,0,4,3,Medium Value
CUST-1436,2020-12-07,44,304.08,13379.59,306,1,4,4,High Value
CUST-1437,2022-01-01,10,177.61,1776.09,12,0,2,4,Medium Value
CUST-1438,2023-04-21,8,341.28,2730.2,200,1,1,0,Low Value
CUST-1439,2020-11-24,34,138.53,4710.07,228,1,5,10,Low Value
CUST-1440,2022-11-29,13,448.14,5825.84,358,1,1,4,Low Value
CUST-1441,2021-03-26,41,420.23,17229.39,58,0,3,5,Medium Value
CUST-1442,2021-01-22,43,422.29,18158.44,115,0,1,10,High Value
CUST-1443,2020-01-18,29,415.84,12059.41,14,0,2,10,High Value
CUST-1444,2022-10-26,24,313.27,7518.58,266,1,2,2,Low Value
CUST-1445,2023-11-01,11,220.95,2430.49,156,0,1,6,Low Value
CUST-1446,2022-11-05,10,492.81,4928.11,333,1,5,0,Medium Value
CUST-1447,2023-06-26,19,491.45,9337.53,191,1,2,8,High Value
CUST-1448,2020-03-03,39,230.27,8980.65,57,0,5,7,High Value
CUST-1449,2023-08-19,31,459.1,14232.06,142,0,4,9,Medium Value
CUST-1450,2020-07-19,23,134.64,3096.62,325,1,1,1,High Value
CUST-1451,2021-09-11,18,154.28,2777.03,272,1,4,6,Medium Value
CUST-1452,2021-12-22,34,128.6,4372.3,198,1,3,2,Medium Value
CUST-1453,2020-11-17,50,187.53,9376.57,327,1,4,7,Low Value
CUST-1454,2023-01-13,31,491.96,15250.68,335,1,3,9,High Value
CUST-1455,2021-06-01,35,226.25,7918.82,108,0,5,4,High Value
CUST-1456,2021-05-28,32,83.27,2664.79,178,0,5,3,High Value
CUST-1457,2021-12-18,34,403.58,13721.62,170,0,4,8,High Value
CUST-1458,2021-10-11,28,335.83,9403.15,343,1,4,1,Low Value
CUST-1459,2021-09-16,34,306.39,10417.36,2,0,4,9,Medium Value
CUST-1460,2022-01-30,45,468.7,21091.66,309,1,1,6,Medium Value
CUST-1461,2023-08-12,21,447.31,9393.44,294,1,1,6,Medium Value
CUST-1462,2021-11-02,17,124.67,2119.39,235,1,2,4,Medium Value
CUST-1463,2020-05-14,40,60.04,2401.64,153,0,3,4,High Value
CUST-1464,2023-12-12,35,417.73,14620.71,254,1,5,9,High Value
CUST-1465,2023-07-14,26,135.16,3514.28,3,0,2,7,Low Value
CUST-1466,2023-12-30,37,150.41,5565.25,95,0,1,3,Medium Value
CUST-1467,2021-04-01,24,337.46,8099.12,324,1,4,6,Medium Value
CUST-1468,2022-04-07,16,455.38,7286.08,186,1,2,7,High Value
CUST-1469,2022-04-25,40,134.24,5369.53,161,0,3,8,Medium Value
CUST-1470,2021-05-17,9,118.67,1068.0,159,0,1,5,Medium Value
CUST-1471,2023-03-30,13,413.68,5377.8,94,0,5,6,Medium Value
CUST-1472,2020-08-17,33,58.33,1924.85,97,0,3,5,Medium Value
CUST-1473,2022-06-10,14,150.02,2100.25,329,1,2,1,Medium Value
CUST-1474,2020-09-04,49,265.57,13013.13,89,0,3,5,Low Value
CUST-1475,2022-10-22,43,387.49,16662.2,350,1,5,8,Low Value
CUST-1476,2020-08-12,7,118.7,830.91,146,0,1,1,High Value
CUST-1477,2021-01-22,37,477.87,17681.08,137,0,4,7,High Value
CUST-1478,2023-04-24,17,241.62,4107.51,208,1,3,10,Medium Value
CUST-1479,2022-05-04,12,493.05,5916.58,272,1,1,7,Low Value
CUST-1480,2022-09-27,9,267.49,2407.38,66,0,3,1,Low Value
CUST-1481,2020-06-25,31,328.38,10179.85,214,1,3,9,Medium Value
CUST-1482,2022-05-05,21,108.65,2281.74,315,1,1,8,High Value
CUST-1483,2023-12-22,36,372.23,13400.22,301,1,1,6,Low Value
CUST-1484,2020-09-08,19,404.75,7690.17,358,1,3,9,Low Value
CUST-1485,2021-01-03,39,148.57,5794.04,199,1,4,2,Medium Value
CUST-1486,2022-05-13,43,283.88,12206.77,226,1,2,4,Low Value
CUST-1487,2020-02-20,3,465.26,1395.77,295,1,4,5,Medium Value
CUST-1488,2022-05-04,20,476.65,9532.95,75,0,4,7,Low Value
CUST-1489,2020-12-05,25,278.49,6962.26,23,0,4,9,High Value
CUST-1490,2020-12-04,35,203.94,7138.0,53,0,1,9,Low Value
CUST-1491,2020-07-01,36,160.08,5762.71,296,1,1,4,Low Value
CUST-1492,2020-08-10,29,333.9,9683.2,302,1,3,4,Medium Value
CUST-1493,2021-06-13,29,464.37,13466.72,158,0,2,3,Low Value
CUST-1494,2023-11-01,6,86.9,521.41,211,1,5,10,High Value
CUST-1495,2023-01-11,28,85.46,2392.82,170,0,3,6,Low Value
CUST-1496,2021-09-30,15,154.77,2321.61,265,1,4,7,Medium Value
CUST-1497,2023-10-10,38,379.47,14420.0,236,1,4,8,High Value
CUST-1498,2023-11-19,36,434.87,15655.45,79,0,1,3,Medium Value
CUST-1499,2023-03-19,17,225.99,3841.87,239,1,1,4,High Value
CUST-1500,2023-01-31,2,150.65,301.31,135,0,5,1,Medium Value
CUST-1501,2023-05-24,32,145.07,4642.34,23,0,3,5,Medium Value
CUST-1502,2023-10-03,49,405.07,19848.37,59,0,1,0,Low Value
CUST-1503,2022-02-09,36,350.82,12629.58,43,0,3,0,Medium Value
CUST-1504,2021-07-03,17,171.29,2911.92,216,1,3,7,Low Value
CUST-1505,2020-09-26,14,151.68,2123.54,176,0,5,0,Medium Value
CUST-1506,2022-11-19,36,488.73,17594.4,262,1,5,5,Medium Value
CUST-1507,2020-05-26,47,447.26,21021.19,361,1,4,8,High Value
CUST-1508,2020-11-05,50,313.88,15693.83,111,0,3,5,Low Value
CUST-1509,2023-05-14,31,190.11,5893.32,19,0,2,4,High Value
CUST-1510,2022-08-22,5,59.71,298.54,300,1,2,2,Medium Value
CUST-1511,2022-03-06,8,54.75,438.03,84,0,2,9,High Value
CUST-1512,2021-10-05,42,136.62,5737.92,256,1,5,3,Medium Value
CUST-1513,2023-03-08,45,163.71,7367.11,51,0,3,6,Medium Value
CUST-1514,2023-12-03,50,175.34,8766.79,190,1,1,0,Medium Value
CUST-1515,2022-06-24,33,124.25,4100.14,343,1,5,9,Medium Value
CUST-1516,2022-12-06,12,485.61,5827.31,40,0,1,8,High Value
CUST-1517,2023-01-09,32,283.45,9070.52,70,0,1,6,Low Value
CUST-1518,2021-12-11,49,53.25,2609.44,82,0,2,7,Low Value
CUST-1519,2022-10-20,30,163.83,4914.94,332,1,1,4,Low Value
CUST-1520,2022-03-19,48,66.76,3204.27,332,1,1,6,Medium Value
CUST-1521,2022-09-20,14,305.36,4275.01,104,0,3,8,Medium Value
CUST-1522,2022-07-20,25,411.35,10283.65,200,1,3,4,High Value
CUST-1523,2023-06-27,26,358.67,9325.44,38,0,3,6,High Value
CUST-1524,2023-04-25,28,182.55,5111.48,147,0,2,5,Medium Value
CUST-1525,2023-02-01,19,415.06,7886.23,238,1,3,4,Medium Value
CUST-1526,2023-09-29,8,143.44,1147.52,358,1,1,1,High Value
CUST-1527,2020-09-01,9,230.43,2073.89,330,1,1,5,Medium Value
CUST-1528,2020-08-20,15,375.9,5638.48,48,0,4,1,Low Value
CUST-1529,2022-05-30,20,395.45,7909.01,33,0,5,4,Medium Value
CUST-1530,2023-05-29,3,432.47,1297.4,74,0,1,2,Medium Value
CUST-1531,2020-09-23,39,206.07,8036.85,21,0,1,10,Low Value
CUST-1532,2021-12-04,44,151.39,6661.08,316,1,5,6,Low Value
CUST-1533,2020-03-15,29,270.95,7857.54,264,1,5,4,Medium Value
CUST-1534,2020-08-25,7,379.31,2655.17,291,1,1,3,Low Value
CUST-1535,2020-02-07,9,251.95,2267.57,152,0,3,7,Low Value
CUST-1536,2023-07-13,13,395.94,5147.25,288,1,5,2,High Value
CUST-1537,2020-06-05,30,242.2,7266.06,227,1,5,2,Low Value
CUST-1538,2022-07-27,47,202.8,9531.41,191,1,5,1,Medium Value
CUST-1539,2023-01-06,7,100.92,706.46,1,0,5,5,Medium Value
CUST-1540,2022-07-15,28,372.81,10438.61,107,0,3,3,Low Value
CUST-1541,2022-12-13,29,475.15,13779.25,166,0,5,3,Low Value
CUST-1542,2023-09-30,28,383.96,10750.95,8,0,4,4,Low Value
CUST-1543,2020-03-14,46,333.85,15357.26,234,1,4,2,Medium Value
CUST-1544,2021-12-06,47,90.16,4237.65,156,0,4,5,Medium Value
CUST-1545,2023-04-24,42,259.11,10882.61,320,1,1,9,Low Value
CUST-1546,2023-06-11,32,106.91,3421.26,49,0,2,6,Medium Value
CUST-1547,2021-07-24,6,365.54,2193.26,203,1,1,2,Medium Value
CUST-1548,2021-06-04,42,205.33,8623.65,92,0,4,5,Low Value
CUST-1549,2022-06-01,26,153.96,4002.94,173,0,5,3,Low Value
CUST-1550,2023-02-19,44,351.41,15462.04,114,0,4,5,Low Value
CUST-1551,2022-04-28,3,180.54,541.62,279,1,3,1,Low Value
CUST-1552,2020-01-07,3,394.86,1184.58,269,1,1,5,High Value
CUST-1553,2020-02-22,26,117.17,3046.32,186,1,4,5,High Value
CUST-1554,2022-07-02,18,59.99,1079.91,107,0,2,2,Low Value
CUST-1555,2021-11-21,20,134.79,2695.71,296,1,5,7,High Value
CUST-1556,2022-11-09,6,232.78,1396.66,106,0,4,10,High Value
CUST-1557,2023-01-26,21,325.8,6841.9,215,1,4,0,Low Value
CUST-1558,2022-03-30,46,406.52,18700.13,305,1,2,1,Medium Value
CUST-1559,2020-01-02,24,488.04,11712.85,329,1,1,1,High Value
CUST-1560,2021-07-08,12,488.23,5858.75,40,0,3,0,Low Value
CUST-1561,2020-10-16,22,254.02,5588.54,117,0,1,10,Low Value
CUST-1562,2021-01-27,8,367.88,2943.05,363,1,2,10,Medium Value
CUST-1563,2020-03-06,11,112.72,1239.93,18,0,2,7,Low Value
CUST-1564,2023-10-17,40,456.01,18240.41,108,0,1,3,Medium Value
CUST-1565,2022-01-03,44,485.89,21379.17,127,0,5,4,High Value
CUST-1566,2022-04-24,36,145.81,5249.26,57,0,3,3,Medium Value
CUST-1567,2021-07-05,21,369.52,7759.86,334,1,1,0,High Value
CUST-1568,2020-10-12,18,291.65,5249.65,301,1,2,5,Low Value
CUST-1569,2022-12-27,50,372.41,18620.74,126,0,3,6,Low Value
CUST-1570,2023-07-19,35,224.29,7850.08,247,1,2,3,Medium Value
CUST-1571,2023-08-05,24,57.57,1381.72,339,1,3,7,Low Value
CUST-1572,2022-03-02,2,218.65,437.29,69,0,5,8,Low Value
CUST-1573,2022-08-06,20,460.51,9210.2,34,0,2,2,Medium Value
CUST-1574,2021-12-27,22,215.46,4740.08,119,0,3,2,High Value
CUST-1575,2023-11-25,22,64.29,1414.36,174,0,4,2,High Value
CUST-1576,2020-06-03,1,144.86,144.86,94,0,1,10,Low Value
CUST-1577,2021-11-01,12,153.36,1840.34,43,0,2,9,Low Value
CUST-1578,2021-09-22,26,183.19,4762.9,139,0,1,0,Low Value
CUST-1579,2022-05-25,9,207.05,1863.43,291,1,3,4,High Value
CUST-1580,2023-04-24,13,368.17,4786.23,150,0,2,9,High Value
CUST-1581,2021-07-06,48,401.03,19249.31,362,1,4,4,High Value
CUST-1582,2020-06-05,41,199.48,8178.73,161,0,1,9,High Value
CUST-1583,2022-01-26,25,327.92,8198.07,351,1,5,9,Medium Value
CUST-1584,2023-08-10,22,171.48,3772.57,201,1,5,1,High Value
CUST-1585,2022-03-23,49,191.76,9396.14,191,1,3,0,Medium Value
CUST-1586,2021-09-05,48,303.8,14582.3,239,1,5,0,Low Value
CUST-1587,2020-12-11,30,198.84,5965.18,49,0,4,5,High Value
CUST-1588,2022-03-29,31,436.08,13518.47,139,0,1,7,Medium Value
CUST-1589,2020-03-14,5,450.65,2253.24,166,0,4,10,Medium Value
CUST-1590,2022-04-04,6,265.56,1593.39,365,1,2,9,High Value
CUST-1591,2023-06-22,26,474.62,12340.19,13,0,1,2,Low Value
CUST-1592,2022-12-18,28,164.02,4592.55,152,0,1,2,High Value
CUST-1593,2021-11-03,3,269.56,808.69,279,1,1,9,High Value
CUST-1594,2022-05-08,5,72.49,362.44,250,1,2,10,Medium Value
CUST-1595,2022-11-20,11,480.06,5280.66,345,1,5,8,Low Value
CUST-1596,2022-07-16,48,120.9,5803.18,215,1,4,8,Low Value
CUST-1597,2023-11-18,25,75.68,1892.06,157,0,3,0,Low Value
CUST-1598,2023-03-22,9,400.74,3606.62,48,0,4,10,Medium Value
CUST-1599,2023-01-15,8,458.4,3667.23,76,0,2,5,Medium Value
CUST-1600,2020-10-15,1,308.32,308.32,11,0,2,7,Medium Value
CUST-1601,2022-06-01,1,144.56,144.56,223,1,3,6,Medium Value
CUST-1602,2023-11-18,8,92.25,737.98,352,1,5,9,Medium Value
CUST-1603,2020-03-12,22,350.21,7704.56,241,1,4,3,Medium Value
CUST-1604,2022-01-07,32,325.15,10404.89,146,0,5,3,Medium Value
CUST-1605,2022-07-09,9,170.75,1536.78,199,1,4,2,High Value
CUST-1606,2021-01-16,26,166.43,4327.13,149,0,5,7,High Value
CUST-1607,2020-02-03,3,256.28,768.84,133,0,1,9,Medium Value
CUST-1608,2021-03-06,31,366.09,11348.78,175,0,4,7,Medium Value
CUST-1609,2021-09-27,42,192.92,8102.68,271,1,4,8,Low Value
CUST-1610,2021-06-17,35,168.35,5892.09,232,1,2,4,Low Value
CUST-1611,2021-05-09,22,443.88,9765.44,217,1,2,1,Low Value
CUST-1612,2023-02-17,48,93.73,4498.85,50,0,3,3,Low Value
CUST-1613,2022-01-17,18,311.18,5601.26,245,1,2,1,High Value
CUST-1614,2022-11-29,30,78.8,2364.08,123,0,5,1,High Value
CUST-1615,2022-01-31,37,355.38,13148.95,127,0,5,6,High Value
CUST-1616,2023-02-14,23,341.63,7857.54,227,1,3,1,High Value
CUST-1617,2022-01-10,25,445.78,11144.56,212,1,5,0,Medium Value
CUST-1618,2021-04-02,4,154.57,618.29,155,0,4,1,Medium Value
CUST-1619,2023-08-17,37,232.76,8612.27,212,1,4,8,Low Value
CUST-1620,2021-06-27,39,165.14,6440.29,157,0,2,4,High Value
CUST-1621,2023-06-02,30,240.2,7206.14,203,1,2,2,High Value
CUST-1622,2023-05-08,10,240.44,2404.41,236,1,5,9,High Value
CUST-1623,2021-08-09,12,286.91,3442.94,296,1,3,3,Low Value
CUST-1624,2022-12-05,18,389.15,7004.65,208,1,1,3,High Value
CUST-1625,2022-03-12,6,145.24,871.41,343,1,5,10,High Value
CUST-1626,2022-12-17,46,404.85,18623.0,311,1,1,4,Medium Value
CUST-1627,2023-03-06,12,455.13,5461.52,279,1,4,1,Low Value
CUST-1628,2022-02-05,38,491.46,18675.42,168,0,5,2,High Value
CUST-1629,2022-02-26,16,437.58,7001.21,304,1,4,4,Low Value
CUST-1630,2021-04-02,22,312.87,6883.09,156,0,1,1,High Value
CUST-1631,2020-03-16,40,470.79,18831.56,63,0,4,7,Low Value
CUST-1632,2022-05-10,50,50.31,2515.59,236,1,2,6,High Value
CUST-1633,2021-09-24,40,77.94,3117.62,251,1,2,3,Low Value
CUST-1634,2022-02-05,25,324.35,8108.81,157,0,4,7,Low Value
CUST-1635,2021-02-22,12,406.35,4876.24,150,0,5,9,Low Value
CUST-1636,2021-09-18,36,96.41,3470.79,255,1,4,9,Low Value
CUST-1637,2021-06-21,35,480.15,16805.13,10,0,2,6,Medium Value
CUST-1638,2022-09-07,20,387.46,7749.24,30,0,4,9,Medium Value
CUST-1639,2023-07-24,25,436.48,10911.9,215,1,5,4,High Value
CUST-1640,2022-05-16,7,270.63,1894.38,49,0,5,5,Medium Value
CUST-1641,2021-03-24,21,277.12,5819.48,323,1,1,7,Low Value
CUST-1642,2021-11-21,25,175.75,4393.66,355,1,4,5,Low Value
CUST-1643,2022-12-09,23,284.74,6549.12,222,1,5,5,High Value
CUST-1644,2022-02-17,7,397.38,2781.64,145,0,3,7,High Value
CUST-1645,2022-12-26,40,451.04,18041.5,85,0,5,3,High Value
CUST-1646,2023-09-02,6,333.37,2000.21,32,0,2,1,High Value
CUST-1647,2020-08-12,45,357.16,16072.15,308,1,5,4,High Value
CUST-1648,2021-07-01,9,154.08,1386.7,39,0,2,7,High Value
CUST-1649,2020-10-06,21,256.77,5392.2,168,0,2,5,Medium Value
CUST-1650,2023-04-24,26,317.25,8248.43,41,0,3,10,Medium Value
CUST-1651,2023-10-21,9,259.81,2338.33,80,0,3,0,High Value
CUST-1652,2020-01-31,24,410.77,9858.43,226,1,3,9,Low Value
CUST-1653,2023-12-19,5,211.98,1059.88,22,0,4,2,Medium Value
CUST-1654,2021-04-22,45,59.13,2660.67,132,0,2,2,Low Value
CUST-1655,2022-03-22,20,368.86,7377.12,318,1,1,10,Low Value
CUST-1656,2022-01-24,6,228.58,1371.47,81,0,1,2,Low Value
CUST-1657,2020-11-17,20,353.31,7066.23,293,1,4,9,Low Value
CUST-1658,2022-11-04,22,160.41,3528.98,71,0,2,4,Low Value
CUST-1659,2022-03-31,4,160.83,643.32,100,0,4,1,Medium Value
CUST-1660,2023-11-02,7,406.12,2842.83,250,1,5,0,Medium Value
CUST-1661,2021-06-22,27,130.59,3525.91,130,0,5,1,Low Value
CUST-1662,2020-10-12,47,326.29,15335.75,295,1,1,7,Medium Value
CUST-1663,2021-11-20,49,65.34,3201.88,99,0,4,5,Medium Value
CUST-1664,2022-09-18,42,239.65,10065.3,192,1,1,2,High Value
CUST-1665,2022-10-04,39,234.59,9149.0,355,1,1,1,Medium Value
CUST-1666,2023-12-02,16,300.09,4801.4,335,1,1,3,Low Value
CUST-1667,2022-07-07,32,297.12,9507.92,148,0,2,3,Low Value
CUST-1668,2022-03-01,9,148.15,1333.36,270,1,3,4,Low Value
CUST-1669,2023-07-02,38,447.77,17015.18,321,1,5,10,Medium Value
CUST-1670,2022-10-24,34,176.81,6011.39,348,1,3,3,Low Value
CUST-1671,2021-05-26,36,94.98,3419.25,148,0,4,4,Medium Value
CUST-1672,2021-04-26,12,220.37,2644.39,348,1,4,8,Low Value
CUST-1673,2021-05-07,23,302.8,6964.5,181,1,2,4,High Value
CUST-1674,2021-01-23,38,254.93,9687.34,170,0,5,3,High Value
CUST-1675,2023-10-18,37,173.88,6433.58,67,0,5,6,Medium Value
CUST-1676,2021-11-17,23,393.96,9060.99,140,0,4,10,Medium Value
CUST-1677,2022-03-13,2,134.99,269.99,27,0,3,0,Medium Value
CUST-1678,2022-09-21,35,162.05,5671.75,245,1,4,7,Medium Value
CUST-1679,2022-05-22,8,468.93,3751.41,205,1,1,10,Medium Value
CUST-1680,2020-06-22,29,422.33,12247.63,144,0,1,4,High Value
CUST-1681,2021-01-20,30,221.11,6633.22,53,0,3,1,Low Value
CUST-1682,2022-12-17,20,127.82,2556.44,5,0,3,8,High Value
CUST-1683,2023-01-30,49,78.36,3839.73,6,0,1,2,Medium Value
CUST-1684,2023-12-13,41,223.85,9177.88,283,1,2,9,Medium Value
CUST-1685,2021-06-15,35,98.76,3456.72,191,1,4,7,High Value
CUST-1686,2021-02-05,3,78.79,236.37,284,1,3,2,Low Value
CUST-1687,2020-08-11,43,146.5,6299.48,66,0,2,0,High Value
CUST-1688,2023-01-06,25,269.29,6732.23,13,0,4,3,Medium Value
CUST-1689,2020-01-04,48,481.99,23135.35,362,1,2,2,Medium Value
CUST-1690,2021-05-05,7,230.47,1613.28,313,1,2,0,Low Value
CUST-1691,2023-10-13,34,235.3,8000.05,307,1,4,7,Medium Value
CUST-1692,2022-08-22,38,347.4,13201.12,195,1,3,10,High Value
CUST-1693,2021-04-20,32,239.69,7670.21,28,0,5,7,Low Value
CUST-1694,2023-06-18,18,329.35,5928.35,264,1,5,0,High Value
CUST-1695,2022-05-05,50,354.91,17745.31,256,1,5,3,Low Value
CUST-1696,2021-09-28,2,406.97,813.94,328,1,2,6,Medium Value
CUST-1697,2020-02-09,5,371.05,1855.26,19,0,2,5,Low Value
CUST-1698,2020-02-25,3,115.77,347.32,88,0,5,4,Medium Value
CUST-1699,2021-03-08,34,261.23,8881.78,190,1,4,10,Medium Value
CUST-1700,2022-07-10,14,371.63,5202.87,132,0,1,10,Medium Value
CUST-1701,2020-11-12,23,184.8,4250.34,233,1,5,3,Medium Value
CUST-1702,2021-01-18,25,192.07,4801.82,268,1,2,2,Low Value
CUST-1703,2023-01-06,3,243.16,729.48,221,1,5,1,High Value
CUST-1704,2021-05-01,40,306.78,12271.05,122,0,5,0,High Value
CUST-1705,2023-03-24,1,420.78,420.78,323,1,4,5,Low Value
CUST-1706,2022-06-14,35,352.23,12327.97,61,0,1,4,Low Value
CUST-1707,2022-02-15,36,331.05,11917.76,308,1,1,10,Medium Value
CUST-1708,2020-03-13,15,391.75,5876.23,151,0,1,1,Medium Value
CUST-1709,2022-01-09,29,417.59,12110.25,331,1,2,5,Medium Value
CUST-1710,2020-10-25,15,413.16,6197.46,45,0,2,7,Low Value
CUST-1711,2022-01-22,23,324.54,7464.48,163,0,1,2,Low Value
CUST-1712,2021-04-17,14,320.48,4486.67,165,0,5,4,Low Value
CUST-1713,2020-06-17,2,121.19,242.37,168,0,1,1,High Value
CUST-1714,2020-12-08,5,270.35,1351.77,344,1,4,10,Medium Value
CUST-1715,2023-06-11,46,484.65,22293.88,182,1,5,1,Low Value
CUST-1716,2021-11-22,17,389.82,6626.92,60,0,2,2,Medium Value
CUST-1717,2023-07-05,15,313.32,4699.85,230,1,1,7,High Value
CUST-1718,2021-07-15,5,470.31,2351.53,71,0,3,0,Low Value
CUST-1719,2022-07-30,8,115.09,920.76,340,1,4,7,Low Value
CUST-1720,2022-08-03,35,242.65,8492.63,332,1,3,3,High Value
CUST-1721,2021-09-06,21,86.29,1812.13,302,1,1,2,Medium Value
CUST-1722,2023-01-31,7,357.53,2502.74,67,0,1,8,High Value
CUST-1723,2020-05-27,26,202.66,5269.12,51,0,5,0,Medium Value
CUST-1724,2021-09-10,34,187.8,6385.28,164,0,2,0,High Value
CUST-1725,2021-11-05,37,432.98,16020.26,312,1,2,3,Medium Value
CUST-1726,2020-05-12,42,285.15,11976.09,341,1,5,6,High Value
CUST-1727,2021-05-14,3,137.89,413.68,31,0,1,5,Low Value
CUST-1728,2021-01-30,47,214.15,10064.88,255,1,5,4,High Value
CUST-1729,2022-04-04,23,457.65,10525.93,52,0,4,4,Low Value
CUST-1730,2022-04-29,5,349.47,1747.33,203,1,2,3,High Value
CUST-1731,2020-05-24,15,108.97,1634.58,191,1,2,8,High Value
CUST-1732,2022-07-17,26,58.4,1518.47,77,0,3,9,Medium Value
CUST-1733,2021-02-09,10,251.29,2512.9,336,1,1,0,Medium Value
CUST-1734,2020-12-11,34,93.87,3191.59,112,0,1,9,Medium Value
CUST-1735,2020-09-22,26,196.37,5105.74,258,1,1,0,Medium Value
CUST-1736,2022-01-27,16,393.52,6296.36,142,0,2,10,Medium Value
CUST-1737,2020-05-05,28,251.1,7030.87,200,1,2,7,Medium Value
CUST-1738,2020-11-03,22,168.12,3698.71,320,1,1,9,Low Value
CUST-1739,2022-09-24,16,76.77,1228.32,121,0,1,6,Low Value
CUST-1740,2023-07-30,34,57.06,1940.13,246,1,5,1,Medium Value
CUST-1741,2020-07-01,6,102.7,616.2,69,0,4,2,Low Value
CUST-1742,2023-11-19,6,76.8,460.79,332,1,3,10,High Value
CUST-1743,2021-10-02,41,176.77,7247.47,290,1,2,4,High Value
CUST-1744,2023-02-22,33,107.74,3555.36,292,1,3,8,Medium Value
CUST-1745,2022-06-22,48,485.02,23281.17,258,1,1,0,Low Value
CUST-1746,2022-01-24,35,256.02,8960.55,350,1,1,10,High Value
CUST-1747,2022-09-17,22,274.59,6041.0,353,1,3,2,Medium Value
CUST-1748,2023-09-08,4,145.06,580.23,220,1,2,1,High Value
CUST-1749,2022-11-04,20,149.66,2993.15,269,1,3,8,Low Value
CUST-1750,2023-08-13,34,75.2,2556.72,102,0,3,2,High Value
CUST-1751,2022-09-19,33,364.8,12038.55,35,0,2,10,Low Value
CUST-1752,2020-10-06,5,197.94,989.69,60,0,5,0,Low Value
CUST-1753,2023-07-14,5,94.44,472.2,272,1,5,3,Low Value
CUST-1754,2021-09-23,15,301.34,4520.12,63,0,4,6,High Value
CUST-1755,2021-02-11,45,282.46,12710.61,232,1,3,10,Medium Value
CUST-1756,2022-03-06,39,499.53,19481.65,305,1,3,0,Low Value
CUST-1757,2023-08-22,3,359.4,1078.21,51,0,1,6,High Value
CUST-1758,2022-03-30,36,204.41,7358.79,258,1,3,3,High Value
CUST-1759,2023-04-02,32,195.87,6267.75,98,0,5,7,Low Value
CUST-1760,2022-07-10,29,190.6,5527.44,335,1,1,3,Medium Value
CUST-1761,2021-02-11,47,229.72,10796.84,164,0,3,3,High Value
CUST-1762,2021-04-19,42,187.29,7866.09,241,1,2,10,Low Value
CUST-1763,2022-09-30,11,443.12,4874.31,243,1,5,2,Medium Value
CUST-1764,2020-06-01,15,139.66,2094.87,129,0,4,0,Medium Value
CUST-1765,2023-07-13,5,129.92,649.59,75,0,3,6,Medium Value
CUST-1766,2022-09-08,2,492.28,984.56,47,0,3,8,Medium Value
CUST-1767,2021-11-24,5,436.37,2181.83,359,1,3,4,Medium Value
CUST-1768,2023-08-21,21,131.68,2765.38,327,1,5,0,Low Value
CUST-1769,2021-03-05,30,294.2,8826.06,174,0,4,7,High Value
CUST-1770,2022-07-28,45,253.41,11403.5,40,0,3,2,High Value
CUST-1771,2021-03-08,15,447.78,6716.64,350,1,2,1,Medium Value
CUST-1772,2023-08-20,20,101.28,2025.57,233,1,2,3,High Value
CUST-1773,2022-11-27,2,213.01,426.01,130,0,2,4,High Value
CUST-1774,2022-04-15,8,148.76,1190.07,67,0,3,5,Low Value
CUST-1775,2023-04-07,40,178.98,7159.35,68,0,2,1,Low Value
CUST-1776,2021-01-11,27,255.27,6892.26,108,0,5,2,Medium Value
CUST-1777,2022-07-22,24,129.78,3114.78,295,1,4,1,Low Value
CUST-1778,2022-07-02,22,323.65,7120.33,214,1,2,6,Low Value
CUST-1779,2023-01-31,26,244.6,6359.64,102,0,5,1,High Value
CUST-1780,2021-04-26,45,187.02,8415.94,209,1,3,9,Medium Value
CUST-1781,2023-05-01,3,138.84,416.51,73,0,4,5,Low Value
CUST-1782,2021-04-21,37,205.71,7611.31,350,1,1,3,High Value
CUST-1783,2022-04-19,26,457.5,11894.94,275,1,3,9,High Value
CUST-1784,2021-02-13,28,176.94,4954.42,94,0,4,1,High Value
CUST-1785,2021-02-09,24,150.26,3606.25,24,0,3,4,High Value
CUST-1786,2021-05-30,37,359.39,13297.25,298,1,1,8,Medium Value
CUST-1787,2020-06-07,4,389.88,1559.5,172,0,4,1,Medium Value
CUST-1788,2023-05-02,46,70.45,3240.88,113,0,3,5,Medium Value
CUST-1789,2023-07-19,1,134.75,134.75,313,1,2,1,Medium Value
CUST-1790,2023-01-13,22,302.62,6657.68,104,0,3,0,High Value
CUST-1791,2020-09-11,20,438.29,8765.73,166,0,3,4,High Value
CUST-1792,2023-01-27,19,387.29,7358.47,180,0,3,7,High Value
CUST-1793,2021-07-30,26,115.97,3015.18,221,1,2,7,Medium Value
CUST-1794,2023-08-04,27,381.88,10310.75,300,1,4,3,Low Value
CUST-1795,2022-06-02,39,326.06,12716.28,262,1,2,3,High Value
CUST-1796,2023-06-10,24,121.03,2904.77,15,0,3,3,High Value
CUST-1797,2021-10-03,29,373.72,10837.88,84,0,2,4,High Value
CUST-1798,2021-03-03,17,454.35,7724.0,223,1,5,2,Low Value
CUST-1799,2021-05-16,17,222.95,3790.15,28,0,5,1,Medium Value
CUST-1800,2023-09-24,42,384.76,16159.85,28,0,5,8,Low Value
CUST-1801,2023-12-10,49,258.1,12646.87,231,1,3,4,Low Value
CUST-1802,2021-05-22,44,249.63,10983.54,291,1,1,7,Low Value
CUST-1803,2021-07-15,19,352.08,6689.55,127,0,3,5,Medium Value
CUST-1804,2023-04-16,22,493.62,10859.63,262,1,1,6,Medium Value
CUST-1805,2023-08-21,24,183.39,4401.25,257,1,4,7,Medium Value
CUST-1806,2020-10-13,26,428.76,11147.66,3,0,3,3,Low Value
CUST-1807,2022-08-28,39,423.06,16499.51,283,1,3,6,Low Value
CUST-1808,2023-03-16,38,130.55,4960.86,170,0,3,4,Medium Value
CUST-1809,2021-04-16,27,65.13,1758.61,216,1,1,3,Low Value
CUST-1810,2023-02-25,48,93.09,4468.4,91,0,3,3,Low Value
CUST-1811,2022-12-10,8,94.26,754.05,169,0,1,9,Medium Value
CUST-1812,2022-03-10,19,382.69,7271.09,354,1,5,1,Low Value
CUST-1813,2020-03-10,13,64.34,836.42,210,1,2,4,High Value
CUST-1814,2020-10-28,31,437.22,13553.68,87,0,2,3,Low Value
CUST-1815,2021-05-17,10,449.38,4493.78,330,1,2,8,Low Value
CUST-1816,2021-10-25,20,167.91,3358.11,127,0,5,3,High Value
CUST-1817,2023-09-15,46,381.4,17544.35,170,0,2,7,Medium Value
CUST-1818,2020-03-26,45,289.69,13036.09,235,1,1,10,Low Value
CUST-1819,2022-07-07,39,388.19,15139.58,226,1,2,4,Low Value
CUST-1820,2022-09-22,6,251.56,1509.33,329,1,2,5,Medium Value
CUST-1821,2021-08-25,8,408.09,3264.72,188,1,1,3,High Value
CUST-1822,2022-05-24,26,302.39,7862.08,234,1,5,1,Low Value
CUST-1823,2022-10-11,17,235.88,4009.98,62,0,5,4,High Value
CUST-1824,2022-01-08,16,93.66,1498.52,46,0,4,2,High Value
CUST-1825,2023-01-10,2,404.81,809.63,349,1,2,2,High Value
CUST-1826,2022-12-05,12,275.01,3300.1,120,0,1,10,High Value
CUST-1827,2022-06-13,2,151.4,302.79,327,1,2,8,High Value
CUST-1828,2022-12-17,24,104.06,2497.51,326,1,3,10,High Value
CUST-1829,2020-05-24,37,281.6,10419.27,122,0,4,7,Medium Value
CUST-1830,2021-09-03,14,163.36,2286.99,42,0,3,4,Medium Value
CUST-1831,2020-01-11,13,344.46,4477.95,206,1,4,6,High Value
CUST-1832,2020-12-16,28,215.76,6041.35,272,1,3,6,Low Value
CUST-1833,2023-04-12,9,361.21,3250.9,311,1,3,1,Medium Value
CUST-1834,2022-08-30,37,267.48,9896.63,101,0,1,2,Low Value
CUST-1835,2020-01-15,38,217.52,8265.76,189,1,3,0,Low Value
CUST-1836,2020-12-14,26,213.83,5559.66,11,0,1,1,Low Value
CUST-1837,2020-07-21,7,494.15,3459.07,290,1,5,4,High Value
CUST-1838,2022-03-29,1,426.16,426.16,312,1,1,2,Medium Value
CUST-1839,2021-12-06,4,156.24,624.96,307,1,5,2,Low Value
CUST-1840,2023-08-30,14,56.12,785.63,303,1,3,4,High Value
CUST-1841,2023-02-28,33,61.51,2029.91,166,0,3,5,Medium Value
CUST-1842,2022-07-29,14,413.73,5792.23,179,0,4,6,Medium Value
CUST-1843,2023-04-12,19,351.19,6672.68,319,1,2,5,High Value
CUST-1844,2023-07-29,16,90.95,1455.26,359,1,2,8,High Value
CUST-1845,2020-10-07,49,195.37,9572.92,314,1,3,6,Low Value
CUST-1846,2022-06-28,33,147.87,4879.57,161,0,5,4,Low Value
CUST-1847,2023-12-30,42,333.49,14006.51,202,1,5,4,High Value
CUST-1848,2023-07-17,50,467.61,23380.36,209,1,3,1,High Value
CUST-1849,2021-05-25,45,265.64,11953.63,41,0,3,10,High Value
CUST-1850,2020-09-04,9,275.17,2476.5,274,1,2,2,High Value
CUST-1851,2022-01-17,12,446.95,5363.41,140,0,5,6,Low Value
CUST-1852,2021-09-03,14,136.23,1907.24,5,0,1,7,Medium Value
CUST-1853,2021-10-14,32,124.52,3984.68,113,0,1,10,Low Value
CUST-1854,2020-06-04,31,75.79,2349.59,127,0,3,8,High Value
CUST-1855,2021-05-25,38,374.71,14239.13,141,0,5,10,Medium Value
CUST-1856,2021-03-28,23,74.94,1723.6,47,0,3,5,Low Value
CUST-1857,2020-10-24,37,247.63,9162.16,86,0,5,0,Medium Value
CUST-1858,2021-10-03,34,349.07,11868.49,199,1,5,0,Low Value
CUST-1859,2023-03-21,17,279.2,4746.4,1,0,4,4,Low Value
CUST-1860,2022-08-17,19,414.66,7878.46,236,1,3,1,Low Value
CUST-1861,2022-01-22,13,424.77,5521.96,197,1,5,9,High Value
CUST-1862,2021-03-07,15,174.76,2621.42,39,0,3,4,High Value
CUST-1863,2020-06-23,32,237.38,7596.01,103,0,5,3,Medium Value
CUST-1864,2022-03-18,25,244.65,6116.24,220,1,3,8,Low Value
CUST-1865,2022-08-20,50,228.69,11434.6,79,0,1,0,Medium Value
CUST-1866,2023-06-05,8,75.93,607.44,99,0,4,3,High Value
CUST-1867,2020-03-26,2,128.19,256.39,132,0,5,2,Low Value
CUST-1868,2023-01-15,36,312.76,11259.33,180,0,2,1,High Value
CUST-1869,2021-07-03,25,210.57,5264.27,212,1,2,1,Medium Value
CUST-1870,2020-08-04,3,466.03,1398.09,28,0,4,7,High Value
CUST-1871,2021-12-13,4,267.71,1070.84,237,1,5,4,Medium Value
CUST-1872,2020-04-14,14,498.81,6983.36,362,1,1,8,Low Value
CUST-1873,2023-07-15,30,427.8,12833.95,5,0,5,5,Low Value
CUST-1874,2020-05-19,6,299.74,1798.45,10,0,4,9,Low Value
CUST-1875,2020-11-23,17,447.0,7599.0,245,1,4,7,High Value
CUST-1876,2020-09-07,22,384.42,8457.24,252,1,2,6,Medium Value
CUST-1877,2021-03-21,24,288.1,6914.29,57,0,5,4,Medium Value
CUST-1878,2021-03-24,16,103.02,1648.39,343,1,3,10,Medium Value
CUST-1879,2021-05-29,16,239.66,3834.54,202,1,5,1,Low Value
CUST-1880,2023-07-14,36,209.66,7547.62,82,0,4,6,High Value
CUST-1881,2022-07-13,6,451.54,2709.23,235,1,3,10,High Value
CUST-1882,2020-08-26,42,371.75,15613.65,222,1,4,4,High Value
CUST-1883,2020-02-07,33,138.74,4578.37,124,0,1,10,Low Value
CUST-1884,2023-07-23,28,407.43,11407.97,358,1,5,2,Low Value
CUST-1885,2023-08-19,24,95.83,2299.94,296,1,2,6,Medium Value
CUST-1886,2023-08-31,17,118.99,2022.91,88,0,5,5,Medium Value
CUST-1887,2023-07-02,19,357.77,6797.7,206,1,2,0,Medium Value
CUST-1888,2020-02-20,27,52.88,1427.86,80,0,1,0,High Value
CUST-1889,2022-01-15,12,104.18,1250.22,143,0,2,8,Medium Value
CUST-1890,2022-01-27,14,273.51,3829.2,83,0,2,3,Low Value
CUST-1891,2022-04-04,20,493.06,9861.2,30,0,4,1,Medium Value
CUST-1892,2020-02-04,3,435.33,1306.0,78,0,1,0,High Value
CUST-1893,2023-05-05,24,274.25,6582.03,42,0,1,3,High Value
CUST-1894,2023-10-16,23,281.98,6485.43,351,1,1,8,Medium Value
CUST-1895,2023-12-19,18,111.14,2000.49,165,0,5,9,Low Value
CUST-1896,2022-04-17,4,419.67,1678.66,251,1,2,6,Low Value
CUST-1897,2022-03-21,1,348.59,348.59,66,0,3,8,High Value
CUST-1898,2020-02-05,49,105.23,5156.24,300,1,5,3,Medium Value
CUST-1899,2020-02-22,9,408.64,3677.79,142,0,1,4,Low Value
CUST-1900,2023-12-14,22,356.68,7847.06,248,1,5,4,Medium Value
CUST-1901,2020-10-10,16,86.24,1379.88,307,1,3,3,Medium Value
CUST-1902,2021-10-14,10,271.92,2719.17,97,0,2,2,High Value
CUST-1903,2022-08-05,28,394.83,11055.16,101,0,4,10,Low Value
CUST-1904,2021-02-01,40,186.79,7471.48,2,0,3,7,High Value
CUST-1905,2023-10-20,31,116.12,3599.73,306,1,5,5,Medium Value
CUST-1906,2020-08-23,19,497.36,9449.87,7,0,3,2,High Value
CUST-1907,2020-09-18,35,129.6,4536.01,111,0,2,10,High Value
CUST-1908,2022-02-06,45,83.65,3764.14,2,0,3,5,Low Value
CUST-1909,2020-11-26,25,225.44,5636.07,276,1,4,6,Low Value
CUST-1910,2021-01-27,49,217.13,10639.61,149,0,5,7,High Value
CUST-1911,2022-09-11,24,123.91,2973.94,305,1,5,1,Medium Value
CUST-1912,2021-06-11,30,99.13,2973.96,256,1,5,6,Medium Value
CUST-1913,2022-10-27,36,159.13,5728.81,20,0,3,10,Medium Value
CUST-1914,2022-12-20,46,115.51,5313.32,33,0,3,1,Low Value
CUST-1915,2020-01-05,44,60.95,2681.75,49,0,1,5,Low Value
CUST-1916,2022-09-22,23,480.52,11051.91,287,1,2,4,Low Value
CUST-1917,2023-09-17,17,416.83,7086.11,56,0,1,8,Medium Value
CUST-1918,2021-11-07,19,62.45,1186.59,181,1,5,6,Low Value
CUST-1919,2023-04-23,20,296.74,5934.86,235,1,5,2,Low Value
CUST-1920,2020-02-25,6,387.59,2325.57,92,0,5,6,Low Value
CUST-1921,2023-03-03,36,120.96,4354.51,148,0,3,9,High Value
CUST-1922,2022-04-23,9,83.36,750.27,256,1,4,0,Medium Value
CUST-1923,2022-03-24,6,195.8,1174.81,172,0,5,8,Medium Value
CUST-1924,2023-01-04,23,462.26,10631.9,286,1,5,9,Medium Value
CUST-1925,2020-04-05,29,488.34,14161.81,212,1,4,2,Low Value
CUST-1926,2020-07-08,37,350.51,12968.77,150,0,5,6,Low Value
CUST-1927,2023-09-10,19,493.43,9375.08,165,0,2,1,Medium Value
CUST-1928,2020-12-06,27,197.33,5327.8,329,1,4,3,Medium Value
CUST-1929,2023-04-18,19,154.34,2932.41,244,1,4,10,Medium Value
CUST-1930,2023-01-20,13,312.78,4066.17,222,1,3,4,Low Value
CUST-1931,2021-06-18,22,200.98,4421.61,71,0,2,1,Low Value
CUST-1932,2023-09-26,35,131.09,4588.11,253,1,1,4,Low Value
CUST-1933,2021-06-03,15,59.66,894.85,47,0,4,8,Low Value
CUST-1934,2021-04-30,15,455.71,6835.63,343,1,5,1,Medium Value
CUST-1935,2021-11-17,43,376.89,16206.07,189,1,2,6,Medium Value
CUST-1936,2022-06-13,37,250.77,9278.31,125,0,2,3,Medium Value
CUST-1937,2021-06-13,22,449.3,9884.56,27,0,1,0,Medium Value
CUST-1938,2022-08-15,40,383.15,15326.03,313,1,4,7,Medium Value
CUST-1939,2023-08-31,25,265.13,6628.25,179,0,3,2,High Value
CUST-1940,2021-03-19,25,273.73,6843.17,185,1,3,6,Low Value
CUST-1941,2023-12-17,1,465.89,465.89,92,0,1,7,Low Value
CUST-1942,2020-06-06,21,285.63,5998.26,194,1,3,4,Low Value
CUST-1943,2020-04-11,44,398.55,17536.29,345,1,1,4,Medium Value
CUST-1944,2023-11-10,10,421.07,4210.73,122,0,3,6,High Value
CUST-1945,2020-06-24,36,358.23,12896.39,143,0,5,5,Medium Value
CUST-1946,2020-04-24,28,420.02,11760.45,87,0,3,4,High Value
CUST-1947,2020-02-04,38,108.27,4114.4,20,0,1,10,High Value
CUST-1948,2020-10-14,46,304.11,13988.9,44,0,5,9,High Value
CUST-1949,2023-05-04,41,204.71,8393.2,165,0,5,4,Low Value
CUST-1950,2022-04-04,49,161.2,7898.62,149,0,3,3,Low Value
CUST-1951,2021-10-23,25,218.5,5462.46,67,0,3,0,High Value
CUST-1952,2021-10-08,36,427.58,15392.74,213,1,3,10,Medium Value
CUST-1953,2023-06-03,14,332.86,4660.08,185,1,2,7,Medium Value
CUST-1954,2023-04-11,49,330.1,16174.75,220,1,1,6,High Value
CUST-1955,2021-04-06,5,405.87,2029.36,264,1,3,6,Low Value
CUST-1956,2023-03-27,32,57.12,1827.88,223,1,5,10,Low Value
CUST-1957,2020-11-09,14,254.48,3562.75,190,1,3,2,High Value
CUST-1958,2023-05-25,22,465.08,10231.74,139,0,1,4,High Value
CUST-1959,2020-01-16,12,166.24,1994.91,64,0,3,0,High Value
CUST-1960,2022-10-31,5,120.37,601.83,262,1,2,6,Low Value
CUST-1961,2020-11-11,33,130.3,4299.83,194,1,2,10,Medium Value
CUST-1962,2022-04-09,7,412.13,2884.93,129,0,5,10,High Value
CUST-1963,2021-02-17,10,432.87,4328.69,58,0,4,0,Low Value
CUST-1964,2022-08-12,31,155.23,4812.16,362,1,1,2,High Value
CUST-1965,2022-10-02,15,301.67,4525.02,181,1,3,6,Low Value
CUST-1966,2021-10-08,30,356.65,10699.58,36,0,5,8,Medium Value
CUST-1967,2022-09-26,13,252.85,3287.06,187,1,2,6,Medium Value
CUST-1968,2020-01-28,42,359.86,15114.28,14,0,3,3,High Value
CUST-1969,2023-10-15,5,116.54,582.69,265,1,1,0,Low Value
CUST-1970,2020-06-20,17,363.92,6186.57,248,1,1,8,Low Value
CUST-1971,2020-07-22,2,169.81,339.62,173,0,4,1,High Value
CUST-1972,2020-01-04,18,324.94,5848.9,9,0,1,7,High Value
CUST-1973,2021-01-20,23,331.0,7612.99,102,0,1,9,High Value
CUST-1974,2023-12-21,40,241.85,9674.0,171,0,2,0,Medium Value
CUST-1975,2022-02-09,50,265.13,13256.4,1,0,3,7,Medium Value
CUST-1976,2020-10-20,33,163.9,5408.58,365,1,3,1,Low Value
CUST-1977,2022-11-02,33,287.29,9480.52,346,1,5,2,High Value
CUST-1978,2023-04-19,36,423.77,15255.82,263,1,1,2,High Value
CUST-1979,2021-04-29,47,495.98,23311.15,4,0,2,7,Medium Value
CUST-1980,2020-07-30,25,152.58,3814.45,240,1,5,1,High Value
CUST-1981,2021-04-06,49,225.61,11054.98,254,1,1,1,High Value
CUST-1982,2023-08-15,19,291.45,5537.58,296,1,3,2,Medium Value
CUST-1983,2022-12-21,37,155.35,5748.01,153,0,3,7,High Value
CUST-1984,2020-12-08,8,292.38,2339.04,102,0,5,7,Low Value
CUST-1985,2022-04-12,14,58.09,813.19,324,1,4,8,High Value
CUST-1986,2023-12-20,16,216.47,3463.45,115,0,2,1,Medium Value
CUST-1987,2022-06-03,2,491.2,982.39,18,0,5,8,High Value
CUST-1988,2023-07-15,50,315.08,15753.8,115,0,2,10,High Value
CUST-1989,2021-02-24,13,98.2,1276.55,35,0,2,9,Low Value
CUST-1990,2021-04-13,48,363.07,17427.39,216,1,2,7,Medium Value
CUST-1991,2021-05-30,41,133.87,5488.85,356,1,3,0,Low Value
CUST-1992,2022-11-24,39,276.26,10774.13,37,0,4,10,Medium Value
CUST-1993,2023-09-22,39,492.81,19219.5,43,0,5,0,High Value
CUST-1994,2021-12-23,9,140.53,1264.73,68,0,4,1,Medium Value
CUST-1995,2021-10-21,33,262.55,8664.21,175,0,5,2,Medium Value
CUST-1996,2021-08-28,29,471.03,13659.97,73,0,2,3,Low Value
CUST-1997,2020-07-04,30,127.44,3823.21,331,1,3,7,High Value
CUST-1998,2020-02-21,34,305.93,10401.68,247,1,3,8,High Value
CUST-1999,2020-12-07,43,92.5,3977.41,110,0,1,0,Low Value
CUST-2000,2023-01-15,41,227.22,9316.21,161,0,1,1,Medium Value
CUST-2001,2022-04-05,43,301.52,12965.35,167,0,4,6,Medium Value
CUST-2002,2020-11-01,45,320.72,14432.48,193,1,5,3,High Value
CUST-2003,2022-05-20,7,424.14,2968.96,43,0,5,1,Low Value
CUST-2004,2021-04-25,6,416.99,2501.93,74,0,3,7,Medium Value
CUST-2005,2023-12-18,42,443.89,18643.57,106,0,5,1,Low Value
CUST-2006,2023-09-11,33,52.22,1723.25,34,0,3,9,Medium Value
CUST-2007,2022-05-19,39,356.97,13921.79,30,0,2,4,High Value
CUST-2008,2021-11-13,20,262.01,5240.23,47,0,2,1,Medium Value
CUST-2009,2023-05-03,41,453.79,18605.38,287,1,4,9,High Value
CUST-2010,2021-01-21,46,335.01,15410.37,322,1,2,7,Medium Value
CUST-2011,2020-01-08,21,305.83,6422.46,307,1,3,5,High Value
CUST-2012,2022-03-02,9,497.86,4480.74,263,1,4,10,High Value
CUST-2013,2022-11-23,15,78.2,1173.01,192,1,3,9,Low Value
CUST-2014,2022-02-27,15,139.89,2098.29,262,1,5,9,High Value
CUST-2015,2023-12-30,7,187.85,1314.96,329,1,2,2,Medium Value
CUST-2016,2023-12-01,9,265.22,2386.96,70,0,1,10,Medium Value
CUST-2017,2023-09-19,17,160.12,2722.01,123,0,3,0,High Value
CUST-2018,2020-09-04,50,52.87,2643.62,261,1,5,4,Low Value
CUST-2019,2021-01-26,21,413.33,8679.95,36,0,1,10,High Value
CUST-2020,2021-07-31,14,314.71,4405.93,264,1,4,10,Medium Value
CUST-2021,2023-05-24,6,411.16,2466.98,325,1,2,8,Low Value
CUST-2022,2021-05-29,43,347.08,14924.62,154,0,5,6,High Value
CUST-2023,2023-01-14,41,293.18,12020.54,85,0,2,1,Medium Value
CUST-2024,2022-10-19,17,320.83,5454.17,358,1,1,4,Medium Value
CUST-2025,2022-01-28,28,191.24,5354.77,119,0,2,2,High Value
CUST-2026,2022-06-20,43,126.65,5446.06,274,1,5,6,Low Value
CUST-2027,2022-05-01,39,304.59,11879.0,232,1,5,10,High Value
CUST-2028,2023-05-18,33,479.15,15811.86,273,1,1,2,Low Value
CUST-2029,2020-03-13,14,369.08,5167.18,280,1,1,4,Medium Value
CUST-2030,2021-07-11,23,373.27,8585.24,87,0,5,4,High Value
CUST-2031,2020-08-04,22,288.49,6346.8,86,0,3,10,Low Value
CUST-2032,2021-05-14,19,161.48,3068.21,92,0,4,1,Low Value
CUST-2033,2023-10-22,16,104.92,1678.76,199,1,4,2,High Value
CUST-2034,2021-01-04,8,96.8,774.39,132,0,2,0,Low Value
CUST-2035,2021-06-29,5,292.87,1464.33,33,0,3,7,Medium Value
CUST-2036,2020-12-03,45,403.3,18148.55,82,0,5,4,High Value
CUST-2037,2020-12-31,11,203.73,2241.01,125,0,5,8,Medium Value
CUST-2038,2020-01-21,33,476.55,15726.24,214,1,2,10,Medium Value
CUST-2039,2020-10-15,31,281.72,8733.46,88,0,4,2,Low Value
CUST-2040,2023-12-29,10,197.97,1979.74,106,0,1,5,Medium Value
CUST-2041,2020-02-07,28,492.62,13793.29,82,0,4,10,Medium Value
CUST-2042,2020-02-18,1,164.52,164.52,162,0,1,8,Medium Value
CUST-2043,2022-04-14,18,128.52,2313.38,137,0,4,6,Medium Value
CUST-2044,2022-10-16,27,205.97,5561.27,322,1,5,2,Medium Value
CUST-2045,2022-03-07,27,268.52,7250.08,319,1,5,2,High Value
CUST-2046,2021-03-11,36,279.18,10050.62,151,0,4,9,Low Value
CUST-2047,2023-10-29,2,413.97,827.95,229,1,2,5,Low Value
CUST-2048,2023-03-17,6,451.62,2709.74,250,1,4,10,Medium Value
CUST-2049,2021-10-20,5,277.6,1388.01,147,0,4,2,Low Value
CUST-2050,2020-09-04,3,335.11,1005.34,161,0,5,4,High Value
CUST-2051,2020-10-07,33,464.11,15315.53,112,0,4,5,High Value
CUST-2052,2022-08-31,47,466.06,21904.83,160,0,5,0,Low Value
CUST-2053,2021-05-14,40,290.33,11613.31,42,0,4,2,High Value
CUST-2054,2021-07-21,13,111.33,1447.31,77,0,1,7,High Value
CUST-2055,2020-03-15,34,368.41,12525.78,124,0,3,6,High Value
CUST-2056,2020-09-30,37,314.76,11646.2,25,0,3,6,Low Value
CUST-2057,2023-12-20,33,379.23,12514.58,45,0,4,4,Medium Value
CUST-2058,2021-12-18,11,323.67,3560.39,85,0,1,3,Low Value
CUST-2059,2020-11-22,45,217.71,9797.06,330,1,2,4,High Value
CUST-2060,2020-04-18,34,148.02,5032.71,217,1,4,0,Low Value
CUST-2061,2021-03-16,42,144.33,6061.74,344,1,1,2,High Value
CUST-2062,2022-02-26,33,322.99,10658.71,309,1,2,8,High Value
CUST-2063,2021-10-08,28,329.18,9217.0,0,0,4,10,Medium Value
CUST-2064,2022-10-23,6,152.58,915.51,259,1,5,3,Medium Value
CUST-2065,2020-10-30,41,334.24,13703.96,351,1,5,10,High Value
CUST-2066,2020-02-05,38,98.01,3724.37,357,1,3,4,Low Value
CUST-2067,2021-10-24,3,152.52,457.56,116,0,3,1,High Value
CUST-2068,2023-10-28,32,282.74,9047.56,305,1,1,10,High Value
CUST-2069,2023-02-22,45,223.18,10043.11,236,1,2,6,High Value
CUST-2070,2021-05-16,24,61.5,1476.09,344,1,5,10,Low Value
CUST-2071,2023-04-07,17,133.52,2269.89,341,1,1,2,Low Value
CUST-2072,2020-02-21,19,463.11,8799.04,188,1,3,0,Low Value
CUST-2073,2020-08-22,3,300.24,900.71,19,0,3,3,High Value
CUST-2074,2021-06-17,47,152.84,7183.41,147,0,1,3,Low Value
CUST-2075,2020-08-27,5,346.32,1731.58,40,0,1,3,High Value
CUST-2076,2021-02-15,31,417.73,12949.57,75,0,5,6,Medium Value
CUST-2077,2022-01-12,23,411.9,9473.72,218,1,3,4,Low Value
CUST-2078,2023-11-26,12,348.12,4177.42,93,0,5,7,High Value
CUST-2079,2021-04-15,38,289.99,11019.52,206,1,1,2,Medium Value
CUST-2080,2020-07-15,3,446.14,1338.41,238,1,4,7,Medium Value
CUST-2081,2021-03-24,37,448.98,16612.09,126,0,1,8,Low Value
CUST-2082,2022-03-19,39,170.47,6648.38,177,0,5,9,Low Value
CUST-2083,2020-01-29,34,213.14,7246.64,325,1,5,4,Low Value
CUST-2084,2023-04-21,39,148.03,5773.02,220,1,2,9,High Value
CUST-2085,2021-07-30,32,397.47,12719.04,241,1,1,9,Medium Value
CUST-2086,2020-10-17,13,90.61,1177.99,211,1,5,2,Low Value
CUST-2087,2023-12-23,20,340.4,6808.09,165,0,5,7,High Value
CUST-2088,2021-04-29,38,170.3,6471.27,258,1,2,0,Medium Value
CUST-2089,2023-09-27,10,53.0,529.98,90,0,5,3,Medium Value
CUST-2090,2023-06-02,23,61.87,1422.93,121,0,5,2,Low Value
CUST-2091,2022-09-06,4,131.67,526.68,4,0,2,8,Low Value
CUST-2092,2021-06-04,17,68.5,1164.51,127,0,2,10,Medium Value
CUST-2093,2023-03-08,17,494.75,8410.69,65,0,4,9,High Value
CUST-2094,2021-06-19,17,167.69,2850.67,94,0,5,0,High Value
CUST-2095,2021-01-31,20,175.53,3510.63,45,0,3,0,High Value
CUST-2096,2020-09-06,13,375.47,4881.07,14,0,3,3,Low Value
CUST-2097,2023-05-29,10,174.64,1746.43,158,0,5,6,Low Value
CUST-2098,2022-11-19,29,443.69,12867.02,301,1,4,9,High Value
CUST-2099,2021-12-22,28,302.29,8464.0,140,0,1,0,Medium Value
CUST-2100,2022-07-19,10,90.67,906.69,48,0,1,5,High Value
CUST-2101,2021-06-12,17,440.86,7494.69,105,0,4,8,Low Value
CUST-2102,2022-11-22,39,207.11,8077.18,201,1,5,9,Medium Value
CUST-2103,2021-05-10,42,152.42,6401.52,222,1,1,0,High Value
CUST-2104,2023-09-22,15,179.66,2694.94,203,1,2,10,Medium Value
CUST-2105,2023-01-26,7,416.19,2913.3,334,1,5,6,Medium Value
CUST-2106,2022-11-05,26,69.36,1803.29,159,0,1,1,Medium Value
CUST-2107,2023-12-16,11,179.71,1976.76,319,1,5,8,High Value
CUST-2108,2022-04-28,37,422.67,15638.61,215,1,2,5,Medium Value
CUST-2109,2023-08-05,33,389.54,12854.71,259,1,3,7,Low Value
CUST-2110,2022-04-12,34,344.62,11716.94,3,0,1,3,Low Value
CUST-2111,2022-04-09,30,93.21,2796.42,54,0,3,4,Low Value
CUST-2112,2022-07-19,19,278.07,5283.35,214,1,5,0,Low Value
CUST-2113,2021-07-01,26,452.46,11763.83,52,0,2,2,High Value
CUST-2114,2020-11-27,11,211.03,2321.31,286,1,5,3,Medium Value
CUST-2115,2023-03-16,19,412.74,7842.13,217,1,2,5,High Value
CUST-2116,2021-08-15,48,115.92,5564.36,310,1,2,4,Low Value
CUST-2117,2022-03-12,39,384.62,15000.23,246,1,4,2,High Value
CUST-2118,2023-04-25,7,424.68,2972.78,70,0,2,3,Low Value
CUST-2119,2021-08-21,32,167.69,5366.16,353,1,3,8,Medium Value
CUST-2120,2020-08-21,31,129.1,4002.16,244,1,2,4,Low Value
CUST-2121,2021-03-31,28,134.82,3774.84,55,0,3,5,High Value
CUST-2122,2020-05-09,10,485.22,4852.24,323,1,1,6,High Value
CUST-2123,2021-11-07,24,460.8,11059.17,278,1,2,9,Low Value
CUST-2124,2022-07-12,32,98.65,3156.69,131,0,1,8,High Value
CUST-2125,2023-06-07,39,119.11,4645.12,191,1,1,7,Medium Value
CUST-2126,2022-05-22,12,112.77,1353.24,296,1,3,8,Medium Value
CUST-2127,2023-05-08,14,438.97,6145.54,265,1,4,10,High Value
CUST-2128,2020-07-20,47,497.57,23385.67,66,0,4,8,Medium Value
CUST-2129,2021-02-14,9,222.61,2003.52,0,0,5,9,Low Value
CUST-2130,2023-10-18,47,479.67,22544.59,251,1,4,0,Medium Value
CUST-2131,2020-04-15,49,287.78,14101.26,224,1,5,7,Medium Value
CUST-2132,2023-11-26,27,141.74,3826.92,311,1,4,1,Medium Value
CUST-2133,2023-12-23,10,371.21,3712.13,180,0,1,3,Low Value
CUST-2134,2023-06-08,28,497.96,13942.76,9,0,1,10,High Value
CUST-2135,2020-01-19,6,460.02,2760.1,188,1,2,6,Low Value
CUST-2136,2023-08-23,42,421.25,17692.65,63,0,4,10,Medium Value
CUST-2137,2021-06-04,4,466.38,1865.52,95,0,2,2,Medium Value
CUST-2138,2021-02-06,39,218.22,8510.67,233,1,5,10,High Value
CUST-2139,2022-08-04,45,348.59,15686.47,87,0,2,4,Medium Value
CUST-2140,2023-04-02,12,430.66,5167.9,126,0,4,6,Medium Value
CUST-2141,2022-03-29,43,153.7,6609.25,312,1,2,1,High Value
CUST-2142,2020-06-19,12,431.61,5179.29,169,0,5,1,Low Value
CUST-2143,2021-12-28,17,398.0,6766.03,296,1,1,9,Low Value
CUST-2144,2022-12-09,10,267.76,2677.61,321,1,1,7,Medium Value
CUST-2145,2023-03-17,22,426.34,9379.44,84,0,1,7,Low Value
CUST-2146,2023-09-22,47,147.5,6932.29,320,1,4,4,Low Value
CUST-2147,2020-07-10,9,164.83,1483.49,71,0,2,7,Low Value
CUST-2148,2021-06-15,41,230.59,9454.31,317,1,3,6,High Value
CUST-2149,2023-08-29,48,239.37,11489.6,287,1,1,3,Low Value
CUST-2150,2021-05-23,48,176.31,8462.76,331,1,3,1,High Value
CUST-2151,2021-06-17,47,197.49,9282.01,85,0,5,8,High Value
CUST-2152,2020-03-12,5,485.6,2428.02,269,1,1,10,Low Value
CUST-2153,2020-05-21,48,222.97,10702.45,39,0,1,9,Low Value
CUST-2154,2023-08-23,19,212.75,4042.17,283,1,2,3,High Value
CUST-2155,2020-07-27,37,119.07,4405.7,14,0,1,1,Medium Value
CUST-2156,2023-10-08,6,329.02,1974.11,195,1,2,5,High Value
CUST-2157,2022-09-16,34,128.4,4365.45,352,1,1,2,High Value
CUST-2158,2021-10-01,11,357.07,3927.72,267,1,4,10,Low Value
CUST-2159,2023-08-12,49,114.39,5605.24,227,1,2,6,Low Value
CUST-2160,2020-03-10,28,382.57,10711.92,265,1,1,6,High Value
CUST-2161,2020-01-01,39,358.77,13991.86,195,1,3,5,High Value
CUST-2162,2023-01-04,44,227.51,10010.6,13,0,4,3,High Value
CUST-2163,2021-02-01,28,195.59,5476.55,189,1,4,7,High Value
CUST-2164,2023-01-30,17,142.5,2422.51,246,1,2,1,Low Value
CUST-2165,2022-03-26,12,80.36,964.31,228,1,3,9,Medium Value
CUST-2166,2023-04-25,44,486.86,21421.95,147,0,2,4,Medium Value
CUST-2167,2022-04-04,49,238.14,11668.84,26,0,3,9,Low Value
CUST-2168,2021-10-01,41,443.1,18167.15,134,0,1,1,Medium Value
CUST-2169,2021-09-04,1,118.2,118.2,68,0,5,5,High Value
CUST-2170,2022-04-05,38,344.12,13076.63,213,1,4,9,Low Value
CUST-2171,2022-03-08,21,141.44,2970.14,33,0,5,10,High Value
CUST-2172,2022-10-24,16,99.26,1588.13,41,0,2,3,High Value
CUST-2173,2023-01-19,31,446.39,13837.97,91,0,1,5,Medium Value
CUST-2174,2021-11-12,23,210.25,4835.65,191,1,4,1,Low Value
CUST-2175,2022-11-12,38,119.49,4540.58,225,1,3,8,Low Value
CUST-2176,2023-02-19,40,193.58,7743.0,233,1,5,9,High Value
CUST-2177,2023-10-01,44,236.96,10426.14,319,1,1,7,Low Value
CUST-2178,2022-11-09,26,351.66,9143.07,209,1,5,3,Medium Value
CUST-2179,2021-03-14,20,280.76,5615.18,233,1,3,0,High Value
CUST-2180,2021-12-25,28,373.35,10453.88,163,0,1,5,Medium Value
CUST-2181,2020-06-30,19,311.2,5912.73,336,1,3,1,High Value
CUST-2182,2022-10-19,45,360.12,16205.62,253,1,2,2,Low Value
CUST-2183,2020-05-13,6,149.24,895.41,107,0,4,7,Medium Value
CUST-2184,2020-05-03,12,453.75,5445.03,54,0,4,9,Low Value
CUST-2185,2022-09-07,21,171.93,3610.6,173,0,3,9,Medium Value
CUST-2186,2021-11-08,16,196.75,3147.99,16,0,3,5,Low Value
CUST-2187,2021-04-05,38,382.32,14528.23,119,0,1,8,High Value
CUST-2188,2020-06-29,19,210.16,3993.03,241,1,4,8,High Value
CUST-2189,2020-01-10,3,304.09,912.26,182,1,5,4,High Value
CUST-2190,2020-02-16,22,203.79,4483.46,162,0,1,7,Low Value
CUST-2191,2021-11-05,36,347.33,12504.03,86,0,2,6,High Value
CUST-2192,2022-05-18,11,393.47,4328.22,365,1,2,7,Low Value
CUST-2193,2023-08-18,17,54.86,932.69,229,1,2,4,High Value
CUST-2194,2022-07-19,22,348.18,7659.92,98,0,2,1,High Value
CUST-2195,2020-07-15,38,100.23,3808.55,304,1,4,7,High Value
CUST-2196,2021-10-22,20,458.08,9161.66,242,1,2,10,Low Value
CUST-2197,2022-10-20,25,107.82,2695.48,57,0,3,4,High Value
CUST-2198,2021-09-10,34,210.38,7152.96,314,1,1,2,Low Value
CUST-2199,2022-10-08,39,449.66,17536.69,272,1,3,2,High Value
CUST-2200,2022-07-27,13,407.35,5295.55,224,1,3,10,Low Value
CUST-2201,2020-09-27,45,406.56,18295.16,33,0,4,0,Medium Value
CUST-2202,2023-06-20,14,231.21,3236.91,52,0,5,6,Low Value
CUST-2203,2022-06-11,12,424.58,5094.99,39,0,3,3,Medium Value
CUST-2204,2023-06-05,39,115.59,4508.08,73,0,3,7,Medium Value
CUST-2205,2022-02-16,9,201.94,1817.45,300,1,1,6,Low Value
CUST-2206,2022-11-23,47,243.31,11435.45,343,1,1,4,Medium Value
CUST-2207,2020-11-18,40,332.4,13295.97,55,0,1,4,Low Value
CUST-2208,2020-10-27,31,148.43,4601.45,242,1,4,5,High Value
CUST-2209,2023-02-01,46,207.79,9558.52,195,1,3,8,High Value
CUST-2210,2021-02-13,5,106.17,530.87,170,0,5,2,Medium Value
CUST-2211,2021-11-17,35,260.85,9129.62,188,1,3,9,Low Value
CUST-2212,2023-11-22,3,238.61,715.84,11,0,2,1,Low Value
CUST-2213,2023-10-22,35,391.5,13702.4,364,1,4,2,Medium Value
CUST-2214,2022-06-06,14,204.11,2857.56,95,0,2,1,High Value
CUST-2215,2021-08-22,16,197.43,3158.84,23,0,2,0,High Value
CUST-2216,2023-05-08,48,433.83,20823.97,11,0,5,3,High Value
CUST-2217,2020-04-10,27,103.56,2796.25,244,1,3,1,High Value
CUST-2218,2022-01-19,23,292.86,6735.72,93,0,5,0,Medium Value
CUST-2219,2022-12-31,38,336.53,12788.01,18,0,4,9,Medium Value
CUST-2220,2020-11-27,24,310.34,7448.08,171,0,5,3,Low Value
CUST-2221,2023-07-25,25,51.75,1293.75,83,0,2,3,Low Value
CUST-2222,2020-09-29,2,295.88,591.76,104,0,4,8,Medium Value
CUST-2223,2020-09-09,36,198.87,7159.31,32,0,2,1,High Value
CUST-2224,2023-05-15,25,363.18,9079.61,185,1,5,6,Low Value
CUST-2225,2022-06-04,17,314.83,5352.16,165,0,4,10,Medium Value
CUST-2226,2021-05-22,45,327.22,14725.06,315,1,2,6,High Value
CUST-2227,2022-05-28,31,250.43,7763.22,298,1,3,6,Medium Value
CUST-2228,2020-02-27,50,257.1,12854.96,19,0,1,8,High Value
CUST-2229,2022-07-19,45,424.93,19121.99,311,1,4,0,Low Value
CUST-2230,2023-05-23,28,194.23,5438.39,53,0,2,0,Low Value
CUST-2231,2021-05-20,7,74.0,517.99,298,1,1,2,High Value
CUST-2232,2022-06-24,1,419.23,419.23,126,0,3,1,Low Value
CUST-2233,2022-10-16,6,74.95,449.67,277,1,4,7,Low Value
CUST-2234,2023-04-04,36,326.25,11744.98,190,1,1,10,High Value
CUST-2235,2022-08-29,37,391.68,14492.33,332,1,3,3,High Value
CUST-2236,2023-06-13,36,459.46,16540.43,156,0,1,0,Low Value
CUST-2237,2021-11-08,4,391.0,1564.0,54,0,5,3,Medium Value
CUST-2238,2023-03-13,35,194.42,6804.71,272,1,5,5,High Value
CUST-2239,2022-03-26,49,425.42,20845.74,353,1,3,9,High Value
CUST-2240,2020-12-26,43,323.48,13909.78,270,1,5,9,Medium Value
CUST-2241,2023-08-16,39,451.83,17621.21,130,0,1,7,Medium Value
CUST-2242,2022-02-27,6,262.66,1575.94,220,1,5,7,Medium Value
CUST-2243,2020-01-26,16,361.15,5778.44,164,0,1,1,Low Value
CUST-2244,2021-11-26,2,241.65,483.3,156,0,2,3,Medium Value
CUST-2245,2020-04-24,10,110.34,1103.38,323,1,5,5,High Value
CUST-2246,2021-12-14,24,241.1,5786.36,39,0,2,5,Low Value
CUST-2247,2021-09-07,33,270.4,8923.3,152,0,3,6,Medium Value
CUST-2248,2021-06-06,25,471.65,11791.3,74,0,3,8,High Value
CUST-2249,2021-05-18,48,193.48,9287.23,143,0,5,3,Medium Value
CUST-2250,2022-11-20,39,221.15,8624.95,80,0,2,8,High Value
CUST-2251,2020-04-07,40,385.8,15431.94,98,0,2,1,Medium Value
CUST-2252,2023-08-19,39,494.01,19266.29,69,0,5,5,Low Value
CUST-2253,2023-06-10,35,498.91,17461.94,231,1,2,0,High Value
CUST-2254,2020-03-17,11,171.05,1881.57,339,1,3,6,Medium Value
CUST-2255,2020-09-20,8,74.05,592.42,124,0,4,9,High Value
CUST-2256,2020-02-29,48,233.08,11188.05,276,1,1,10,High Value
CUST-2257,2023-10-18,42,492.63,20690.46,240,1,1,2,High Value
CUST-2258,2020-05-16,44,205.96,9062.38,283,1,1,3,Medium Value
CUST-2259,2021-05-14,29,438.1,12704.94,88,0,4,4,Low Value
CUST-2260,2023-03-22,40,296.34,11853.47,364,1,1,9,Medium Value
CUST-2261,2020-07-16,6,89.64,537.82,128,0,3,0,Low Value
CUST-2262,2023-11-25,29,415.54,12050.77,254,1,3,10,High Value
CUST-2263,2022-12-10,33,76.79,2534.12,23,0,3,5,High Value
CUST-2264,2021-04-16,35,422.63,14791.99,262,1,5,7,High Value
CUST-2265,2021-03-29,47,226.04,10624.04,236,1,1,4,High Value
CUST-2266,2021-09-12,49,486.94,23860.23,360,1,3,0,Low Value
CUST-2267,2023-04-24,49,93.36,4574.63,115,0,2,4,High Value
CUST-2268,2023-05-01,15,344.41,5166.21,96,0,2,8,High Value
CUST-2269,2020-09-14,8,366.22,2929.78,256,1,3,8,High Value
CUST-2270,2021-06-28,8,354.46,2835.65,235,1,4,4,Medium Value
CUST-2271,2020-05-29,42,198.06,8318.45,253,1,4,0,High Value
CUST-2272,2021-04-02,21,138.19,2901.94,208,1,5,8,High Value
CUST-2273,2020-09-09,34,126.06,4286.2,156,0,1,7,Medium Value
CUST-2274,2022-01-28,33,411.95,13594.29,38,0,3,5,Low Value
CUST-2275,2023-01-24,31,183.66,5693.47,156,0,4,1,High Value
CUST-2276,2022-09-20,17,180.14,3062.46,281,1,2,4,Medium Value
CUST-2277,2021-06-11,13,387.38,5035.89,19,0,5,7,Medium Value
CUST-2278,2020-02-17,32,162.91,5213.21,330,1,1,2,Medium Value
CUST-2279,2021-04-16,41,212.9,8728.89,87,0,1,3,Medium Value
CUST-2280,2020-12-05,21,461.33,9687.92,296,1,2,7,Medium Value
CUST-2281,2023-05-14,37,379.69,14048.65,355,1,2,9,Low Value
CUST-2282,2021-05-17,22,252.76,5560.62,29,0,4,0,Medium Value
CUST-2283,2021-04-12,27,486.71,13141.15,247,1,1,5,Medium Value
CUST-2284,2020-11-07,9,374.09,3366.84,235,1,4,8,Medium Value
CUST-2285,2020-12-31,20,392.47,7849.41,75,0,4,3,Medium Value
CUST-2286,2022-06-11,14,312.0,4368.04,7,0,5,10,High Value
CUST-2287,2023-03-23,48,366.6,17596.91,222,1,3,4,Low Value
CUST-2288,2021-10-07,19,243.76,4631.44,140,0,3,5,Low Value
CUST-2289,2020-07-12,32,388.46,12430.71,186,1,5,4,Low Value
CUST-2290,2022-04-17,42,392.64,16490.76,229,1,3,10,Low Value
CUST-2291,2020-06-25,39,169.18,6598.2,58,0,5,1,Low Value
CUST-2292,2021-12-18,19,461.87,8775.52,40,0,5,1,High Value
CUST-2293,2023-08-29,18,428.97,7721.48,137,0,2,0,High Value
CUST-2294,2023-07-14,7,467.57,3272.97,311,1,4,0,High Value
CUST-2295,2021-07-13,2,151.04,302.07,248,1,3,5,Low Value
CUST-2296,2021-03-04,41,230.59,9454.39,95,0,3,0,Low Value
CUST-2297,2022-12-06,42,203.82,8560.54,142,0,5,7,Low Value
CUST-2298,2021-10-07,9,495.95,4463.59,274,1,3,3,Medium Value
CUST-2299,2022-01-19,20,447.21,8944.16,228,1,1,8,Medium Value
CUST-2300,2020-10-10,46,187.7,8634.41,144,0,2,4,Medium Value
CUST-2301,2022-06-01,44,372.72,16399.81,239,1,5,7,Medium Value
CUST-2302,2021-05-21,37,137.84,5099.94,190,1,4,3,Medium Value
CUST-2303,2020-08-03,1,165.97,165.97,268,1,2,5,Low Value
CUST-2304,2021-02-04,47,312.45,14685.24,23,0,2,6,High Value
CUST-2305,2022-12-01,5,215.91,1079.57,223,1,1,7,Medium Value
CUST-2306,2023-01-08,37,364.02,13468.9,353,1,1,2,High Value
CUST-2307,2021-04-15,32,424.81,13593.86,171,0,3,9,Medium Value
CUST-2308,2020-01-26,48,238.45,11445.69,18,0,4,4,High Value
CUST-2309,2023-02-27,15,119.19,1787.83,272,1,5,2,Medium Value
CUST-2310,2022-12-26,42,480.47,20179.67,350,1,3,4,High Value
CUST-2311,2023-05-15,11,164.28,1807.12,46,0,3,8,Low Value
CUST-2312,2022-06-14,8,251.66,2013.29,185,1,5,9,High Value
CUST-2313,2022-02-20,49,276.25,13536.44,80,0,1,4,High Value
CUST-2314,2020-06-05,48,147.57,7083.24,133,0,4,0,High Value
CUST-2315,2023-07-23,11,437.53,4812.82,9,0,4,0,Medium Value
CUST-2316,2023-06-03,33,63.2,2085.75,202,1,3,10,Medium Value
CUST-2317,2023-11-19,41,70.79,2902.58,324,1,5,6,Low Value
CUST-2318,2020-04-08,19,410.97,7808.43,182,1,1,6,Medium Value
CUST-2319,2023-02-03,17,320.5,5448.53,41,0,5,8,High Value
CUST-2320,2021-12-10,41,110.62,4535.5,365,1,2,8,Medium Value
CUST-2321,2021-04-20,28,90.02,2520.54,193,1,2,6,Low Value
CUST-2322,2022-01-14,6,152.82,916.94,283,1,5,4,Medium Value
CUST-2323,2022-12-31,27,251.9,6801.37,116,0,2,0,Medium Value
CUST-2324,2021-05-26,31,92.57,2869.59,308,1,2,9,High Value
CUST-2325,2022-11-03,33,293.93,9699.67,356,1,5,4,Low Value
CUST-2326,2023-04-23,34,375.23,12757.69,327,1,3,4,Low Value
CUST-2327,2021-09-13,26,60.34,1568.73,194,1,5,9,Low Value
CUST-2328,2021-07-16,32,305.61,9779.67,248,1,1,5,Low Value
CUST-2329,2022-05-18,37,68.34,2528.62,243,1,4,9,Medium Value
CUST-2330,2022-11-18,39,80.77,3150.14,22,0,1,8,Medium Value
CUST-2331,2022-08-16,13,435.63,5663.2,95,0,5,0,Low Value
CUST-2332,2023-12-10,41,418.91,17175.42,204,1,2,10,High Value
CUST-2333,2023-10-26,38,175.92,6685.04,232,1,5,4,Medium Value
CUST-2334,2020-05-06,35,166.99,5844.79,309,1,1,3,High Value
CUST-2335,2020-03-10,25,448.85,11221.37,261,1,4,4,Medium Value
CUST-2336,2023-05-21,40,469.22,18768.74,278,1,2,5,Low Value
CUST-2337,2021-01-29,24,170.8,4099.2,339,1,1,8,High Value
CUST-2338,2020-03-13,27,409.16,11047.45,76,0,5,8,Medium Value
CUST-2339,2021-10-10,29,396.09,11486.49,157,0,2,5,High Value
CUST-2340,2020-07-04,26,334.48,8696.39,308,1,4,8,Medium Value
CUST-2341,2023-08-10,5,401.48,2007.39,212,1,2,8,High Value
CUST-2342,2023-07-02,31,406.86,12612.54,45,0,3,2,Low Value
CUST-2343,2021-12-31,44,53.12,2337.15,156,0,1,4,High Value
CUST-2344,2023-07-03,20,441.28,8825.62,73,0,5,6,High Value
CUST-2345,2023-04-26,42,130.91,5498.41,237,1,4,10,Medium Value
CUST-2346,2023-03-12,7,139.75,978.22,207,1,5,10,Low Value
CUST-2347,2020-09-26,14,434.58,6084.07,124,0,3,3,Medium Value
CUST-2348,2021-12-06,23,191.21,4397.86,131,0,3,4,Low Value
CUST-2349,2020-01-21,50,89.25,4462.74,105,0,5,1,Medium Value
CUST-2350,2023-07-19,26,171.62,4462.2,119,0,4,3,High Value
CUST-2351,2023-01-19,6,490.84,2945.03,283,1,2,6,High Value
CUST-2352,2023-01-31,10,448.29,4482.92,87,0,5,6,Low Value
CUST-2353,2023-08-21,25,312.03,7800.71,95,0,1,1,Low Value
CUST-2354,2021-12-03,39,388.05,15133.89,341,1,5,0,High Value
CUST-2355,2020-02-15,17,329.37,5599.24,16,0,1,2,Medium Value
CUST-2356,2023-09-14,31,151.56,4698.31,48,0,5,5,Low Value
CUST-2357,2022-09-09,48,108.33,5199.82,193,1,1,8,Low Value
CUST-2358,2021-12-14,16,301.98,4831.68,286,1,5,5,High Value
CUST-2359,2023-08-30,13,483.8,6289.38,223,1,5,3,Low Value
CUST-2360,2021-09-26,40,316.75,12670.01,167,0,2,9,Medium Value
CUST-2361,2020-07-14,42,74.0,3107.8,118,0,2,6,High Value
CUST-2362,2021-09-12,23,120.0,2760.1,69,0,5,6,Low Value
CUST-2363,2020-11-04,38,351.35,13351.2,228,1,3,0,High Value
CUST-2364,2022-03-04,6,134.75,808.52,127,0,2,0,Medium Value
CUST-2365,2020-08-10,42,159.79,6711.26,349,1,4,7,Medium Value
CUST-2366,2022-02-06,41,305.08,12508.34,7,0,1,8,Low Value
CUST-2367,2022-01-10,22,135.34,2977.38,131,0,1,2,Medium Value
CUST-2368,2021-01-29,8,248.37,1986.93,124,0,5,0,High Value
CUST-2369,2021-06-17,35,232.47,8136.62,315,1,2,0,Medium Value
CUST-2370,2020-12-26,36,438.99,15803.61,33,0,3,3,Medium Value
CUST-2371,2021-06-09,13,140.99,1832.87,128,0,3,9,Low Value
CUST-2372,2022-01-22,20,117.68,2353.52,253,1,5,5,Medium Value
CUST-2373,2021-01-30,37,136.45,5048.47,296,1,1,8,Low Value
CUST-2374,2021-11-20,43,404.23,17382.05,148,0,3,4,High Value
CUST-2375,2022-01-31,22,309.78,6815.18,2,0,5,6,Medium Value
CUST-2376,2020-10-17,19,87.07,1654.32,270,1,1,0,High Value
CUST-2377,2022-12-05,16,460.18,7362.87,166,0,2,2,Medium Value
CUST-2378,2023-06-01,44,175.66,7729.19,296,1,2,4,Low Value
CUST-2379,2023-10-16,42,171.21,7190.66,141,0,1,9,Low Value
CUST-2380,2020-02-23,23,106.44,2448.01,354,1,4,10,Medium Value
CUST-2381,2022-09-17,28,111.14,3112.01,290,1,3,9,Low Value
CUST-2382,2021-02-14,40,76.12,3044.75,142,0,5,4,Low Value
CUST-2383,2022-11-16,26,260.05,6761.29,355,1,4,6,Medium Value
CUST-2384,2023-05-04,43,90.41,3887.82,165,0,1,5,Low Value
CUST-2385,2021-03-16,47,179.09,8417.05,119,0,2,10,High Value
CUST-2386,2021-01-25,9,482.94,4346.47,169,0,2,3,High Value
CUST-2387,2021-07-13,13,231.67,3011.76,62,0,2,9,High Value
CUST-2388,2022-09-24,10,423.46,4234.63,219,1,2,8,Medium Value
CUST-2389,2023-04-13,17,77.16,1311.65,3,0,3,2,Medium Value
CUST-2390,2022-11-15,50,479.08,23954.02,228,1,1,3,Medium Value
CUST-2391,2020-05-05,41,262.88,10777.9,279,1,2,8,High Value
CUST-2392,2022-10-27,48,271.19,13016.94,26,0,1,7,High Value
CUST-2393,2021-02-14,6,206.24,1237.45,71,0,2,4,Low Value
CUST-2394,2021-04-13,22,182.79,4021.41,86,0,5,8,Low Value
CUST-2395,2020-02-08,48,346.11,16613.31,92,0,1,1,High Value
CUST-2396,2021-10-20,36,448.98,16163.45,82,0,1,7,Low Value
CUST-2397,2020-12-29,23,427.89,9841.51,77,0,4,3,Medium Value
CUST-2398,2023-05-07,32,61.23,1959.39,320,1,5,5,High Value
CUST-2399,2023-12-23,44,116.13,5109.51,114,0,5,0,High Value
CUST-2400,2021-01-01,23,477.51,10982.84,276,1,3,2,Low Value
CUST-2401,2020-09-09,23,232.26,5342.03,327,1,5,1,Low Value
CUST-2402,2020-01-20,2,51.32,102.64,257,1,4,5,Medium Value
CUST-2403,2023-09-26,50,342.26,17113.14,256,1,1,2,Low Value
CUST-2404,2022-06-20,46,253.91,11679.64,77,0,3,10,High Value
CUST-2405,2020-08-05,47,310.18,14578.59,168,0,4,9,High Value
CUST-2406,2023-09-21,13,89.56,1164.24,289,1,3,6,Low Value
CUST-2407,2021-08-18,25,169.37,4234.23,44,0,3,3,High Value
CUST-2408,2023-09-27,11,91.75,1009.3,138,0,5,7,Medium Value
CUST-2409,2023-06-20,9,313.01,2817.11,80,0,2,10,High Value
CUST-2410,2020-01-07,24,396.29,9510.98,109,0,4,7,Medium Value
CUST-2411,2021-11-23,44,91.51,4026.33,65,0,4,8,High Value
CUST-2412,2022-10-27,31,250.6,7768.71,118,0,2,7,Low Value
CUST-2413,2022-04-11,41,150.82,6183.73,83,0,5,0,High Value
CUST-2414,2020-04-12,44,402.18,17695.74,277,1,3,7,Medium Value
CUST-2415,2022-04-05,40,382.64,15305.64,271,1,1,2,Low Value
CUST-2416,2023-01-31,15,189.96,2849.39,7,0,2,10,Medium Value
CUST-2417,2021-11-26,29,128.83,3736.13,55,0,1,4,Low Value
CUST-2418,2022-02-23,47,488.93,22979.5,231,1,4,5,Low Value
CUST-2419,2021-08-22,18,217.0,3905.94,308,1,3,9,Low Value
CUST-2420,2023-09-14,22,59.96,1319.19,263,1,1,8,Medium Value
CUST-2421,2023-05-08,50,341.84,17091.79,176,0,5,4,Low Value
CUST-2422,2022-02-06,38,267.98,10183.15,116,0,4,8,High Value
CUST-2423,2021-11-03,30,363.74,10912.18,337,1,1,2,Medium Value
CUST-2424,2022-06-07,5,428.18,2140.9,357,1,4,5,High Value
CUST-2425,2020-09-16,23,132.64,3050.8,43,0,3,2,Medium Value
CUST-2426,2023-11-13,15,123.31,1849.63,53,0,3,6,Medium Value
CUST-2427,2023-08-14,25,267.33,6683.32,244,1,1,2,Medium Value
CUST-2428,2023-03-25,17,420.09,7141.53,222,1,4,7,Medium Value
CUST-2429,2022-02-04,13,210.06,2730.76,343,1,1,7,Low Value
CUST-2430,2021-08-30,33,139.06,4589.0,218,1,3,2,Medium Value
CUST-2431,2022-03-03,5,238.24,1191.2,9,0,3,6,Low Value
CUST-2432,2023-08-05,25,283.77,7094.37,81,0,5,2,Low Value
CUST-2433,2020-03-10,2,477.52,955.05,55,0,2,1,Medium Value
CUST-2434,2020-08-29,25,116.88,2921.97,92,0,5,0,Low Value
CUST-2435,2022-03-02,4,424.85,1699.38,221,1,2,10,Medium Value
CUST-2436,2023-07-29,12,465.05,5580.62,190,1,4,4,Low Value
CUST-2437,2021-02-16,9,68.98,620.86,262,1,2,2,Low Value
CUST-2438,2021-06-12,1,129.77,129.77,324,1,5,2,Low Value
CUST-2439,2020-10-09,9,126.57,1139.16,181,1,4,8,Low Value
CUST-2440,2020-11-21,45,55.53,2498.82,352,1,1,9,Medium Value
CUST-2441,2021-12-31,20,259.73,5194.51,2,0,3,10,Low Value
CUST-2442,2020-10-26,6,138.01,828.06,176,0,1,4,Low Value
CUST-2443,2020-04-23,38,451.24,17147.12,285,1,1,7,Medium Value
CUST-2444,2023-12-18,34,475.75,16175.36,244,1,5,9,High Value
CUST-2445,2023-12-03,48,230.12,11045.64,137,0,1,5,High Value
CUST-2446,2020-06-01,45,495.96,22318.0,33,0,3,1,High Value
CUST-2447,2022-02-09,33,296.15,9773.09,337,1,5,7,Medium Value
CUST-2448,2023-02-21,33,203.54,6716.88,333,1,5,8,Low Value
CUST-2449,2021-05-27,40,333.59,13343.68,276,1,5,8,Low Value
CUST-2450,2022-05-30,43,318.47,13694.39,327,1,5,0,Low Value
CUST-2451,2023-10-16,14,276.99,3877.85,243,1,5,6,High Value
CUST-2452,2021-03-31,8,416.7,3333.58,139,0,3,9,Low Value
CUST-2453,2023-06-05,50,480.2,24010.13,164,0,5,3,Medium Value
CUST-2454,2022-07-10,43,306.08,13161.57,164,0,1,5,Low Value
CUST-2455,2020-11-15,7,413.27,2892.89,331,1,1,9,Low Value
CUST-2456,2021-10-15,27,220.82,5962.1,47,0,4,6,Low Value
CUST-2457,2020-03-20,32,96.06,3073.89,18,0,3,2,Low Value
CUST-2458,2021-04-13,49,178.78,8760.28,353,1,4,0,Medium Value
CUST-2459,2023-07-16,41,206.42,8463.14,271,1,5,3,High Value
CUST-2460,2021-12-09,33,471.42,15556.79,15,0,4,10,Medium Value
CUST-2461,2021-01-22,29,315.55,9151.05,83,0,4,5,Low Value
CUST-2462,2020-03-30,10,120.92,1209.17,91,0,5,2,Medium Value
CUST-2463,2020-07-18,33,464.83,15339.53,246,1,4,9,Low Value
CUST-2464,2022-07-09,8,133.65,1069.18,188,1,2,0,High Value
CUST-2465,2022-01-08,3,216.04,648.11,305,1,4,8,Medium Value
CUST-2466,2020-01-28,41,339.78,13931.15,76,0,4,8,High Value
CUST-2467,2022-05-02,12,364.41,4372.9,335,1,2,1,Low Value
CUST-2468,2020-02-06,39,427.62,16677.14,38,0,4,1,Low Value
CUST-2469,2022-06-12,13,280.3,3643.85,291,1,3,4,Low Value
CUST-2470,2023-11-23,46,283.76,13052.82,207,1,5,6,Medium Value
CUST-2471,2020-07-26,2,270.14,540.29,163,0,3,3,Low Value
CUST-2472,2020-09-15,7,137.04,959.28,191,1,4,10,Low Value
CUST-2473,2020-03-11,22,400.65,8814.27,321,1,3,9,Low Value
CUST-2474,2022-11-20,41,483.82,19836.54,347,1,5,0,Low Value
CUST-2475,2020-08-23,16,134.55,2152.82,331,1,3,9,Medium Value
CUST-2476,2021-01-14,35,226.9,7941.5,287,1,4,9,Medium Value
CUST-2477,2023-09-01,35,387.55,13564.39,315,1,5,2,Low Value
CUST-2478,2023-09-19,50,210.26,10513.03,10,0,3,2,Medium Value
CUST-2479,2023-12-13,22,495.0,10889.95,3,0,3,10,Medium Value
CUST-2480,2023-04-07,49,144.08,7060.04,254,1,3,3,High Value
CUST-2481,2023-10-11,41,390.61,16014.95,336,1,2,4,High Value
CUST-2482,2021-01-02,24,78.22,1877.35,8,0,2,2,High Value
CUST-2483,2020-11-08,1,248.79,248.79,135,0,4,2,Medium Value
CUST-2484,2020-06-02,47,488.11,22941.37,93,0,1,10,Low Value
CUST-2485,2021-12-28,47,229.92,10806.32,221,1,1,9,Medium Value
CUST-2486,2020-06-06,21,278.29,5844.11,349,1,5,6,Medium Value
CUST-2487,2023-11-22,21,289.88,6087.5,126,0,1,10,Low Value
CUST-2488,2020-09-17,16,216.7,3467.16,361,1,4,10,Low Value
CUST-2489,2020-07-05,22,254.38,5596.37,10,0,5,2,Low Value
CUST-2490,2020-09-03,34,66.2,2250.73,50,0,5,2,Low Value
CUST-2491,2021-06-23,34,352.12,11972.14,158,0,1,6,Medium Value
CUST-2492,2021-07-28,36,499.36,17977.0,144,0,4,0,Low Value
CUST-2493,2020-01-13,22,365.87,8049.2,151,0,5,2,Medium Value
CUST-2494,2020-12-16,31,157.35,4877.88,339,1,5,2,Low Value
CUST-2495,2022-03-07,16,350.16,5602.52,246,1,4,10,Low Value
CUST-2496,2023-07-19,27,98.77,2666.87,171,0,4,4,Medium Value
CUST-2497,2021-11-15,7,219.6,1537.22,34,0,1,9,Low Value
CUST-2498,2022-02-18,26,204.14,5307.75,22,0,3,1,High Value
CUST-2499,2021-09-25,39,392.82,15320.05,184,1,5,9,Low Value
